# Host: localhost  (Version: 5.0.15-nt)
# Date: 2015-05-23 09:28:48
# Generator: MySQL-Front 5.3  (Build 4.205)

/*!40101 SET NAMES utf8 */;

#
# Structure for table "topic"
#

CREATE TABLE `topic` (
  `topic_id` int(11) NOT NULL auto_increment,
  `name` varchar(255) collate utf8_bin default NULL,
  PRIMARY KEY  (`topic_id`)
) ENGINE=InnoDB DEFAULT CHARSET=utf8 COLLATE=utf8_bin;

#
# Data for table "topic"
#

REPLACE INTO `topic` VALUES (1,'欧洲游'),(2,'世界各地城市风光'),(3,'阳光~沙滩~'),(4,'奇美大自然风光'),(5,'走进亚洲'),(6,'大洋彼岸——美利坚'),(7,'冰川世界'),(8,'壮美中国'),(9,'test');

#
# Structure for table "tag"
#

CREATE TABLE `tag` (
  `tag_id` int(11) NOT NULL auto_increment,
  `tag_name` varchar(255) collate utf8_bin default NULL,
  `topic_id` int(11) default NULL,
  PRIMARY KEY  (`tag_id`),
  KEY `FK1BF9AFF31FBA5` (`topic_id`),
  CONSTRAINT `FK1BF9AFF31FBA5` FOREIGN KEY (`topic_id`) REFERENCES `topic` (`topic_id`)
) ENGINE=InnoDB DEFAULT CHARSET=utf8 COLLATE=utf8_bin;

#
# Data for table "tag"
#

REPLACE INTO `tag` VALUES (1,'海洋',NULL),(2,'山脉',NULL),(3,'沙漠',NULL),(4,'雪',NULL),(7,'自然',NULL),(8,'阿根廷',NULL),(9,'埃及',NULL),(10,'埃塞俄比亚',NULL),(11,'澳大利亚',NULL),(12,'巴拉圭',NULL),(13,'巴拿马',NULL),(14,'巴西',NULL),(15,'白俄罗斯',NULL),(16,'比利时',NULL),(17,'秘鲁',NULL),(18,'波兰',NULL),(19,'玻利维亚',NULL),(20,'英国',NULL),(21,'丹麦',NULL),(22,'多米尼加',NULL),(23,'厄瓜多尔',NULL),(24,'法国',NULL),(25,'菲律宾',NULL),(26,'哥伦比亚',NULL),(27,'哥斯达黎加',NULL),(28,'古巴',NULL),(29,'海地',NULL),(30,'荷兰',NULL),(31,'洪都拉斯',NULL),(32,'加拿大',NULL),(33,'黎巴嫩',NULL),(34,'利比里亚',NULL),(35,'卢森堡',NULL),(36,'美国',NULL),(37,'墨西哥',NULL),(38,'尼加拉瓜',NULL),(39,'挪威',NULL),(40,'萨尔瓦多',NULL),(41,'沙特阿拉伯',NULL),(42,'俄罗斯',NULL),(43,'塞维利亚',NULL),(44,'土耳其',NULL),(45,'危地马拉',NULL),(46,'委内瑞拉',NULL),(47,'乌克兰',NULL),(48,'乌拉圭',NULL),(49,'希腊',NULL),(50,'新西兰',NULL),(51,'叙利亚',NULL),(52,'伊拉克',NULL),(53,'伊朗',NULL),(54,'印度',NULL),(55,'智利',NULL),(56,'中国',NULL),(57,'阿富汗',NULL),(58,'冰岛',NULL),(59,'泰国',NULL),(60,'瑞典',NULL),(61,'巴基斯坦',NULL),(62,'也门',NULL),(63,'缅甸',NULL),(64,'以色列',NULL),(65,'印度尼西亚',NULL),(66,'阿尔巴尼亚',NULL),(67,'奥地利',NULL),(68,'保加利亚',NULL),(69,'柬埔寨',NULL),(70,'锡兰',NULL),(71,'芬兰',NULL),(72,'匈牙利',NULL),(73,'爱尔兰',NULL),(74,'意大利',NULL),(75,'约旦',NULL),(76,'老挝',NULL),(77,'利比亚',NULL),(78,'尼泊尔',NULL),(79,'葡萄牙',NULL),(80,'罗马尼亚',NULL),(81,'西班牙',NULL),(82,'日本',NULL),(83,'摩洛哥',NULL),(84,'苏丹',NULL),(85,'突尼斯',NULL),(86,'加纳',NULL),(87,'马来西亚',NULL),(88,'几内亚',NULL),(89,'喀麦隆',NULL),(90,'中非',NULL),(91,'乍得',NULL),(92,'刚果（布拉柴维尔）',NULL),(93,'刚果（利奥波德维尔）',NULL),(94,'塞浦路斯',NULL),(95,'达荷美',NULL),(96,'加蓬',NULL),(97,'象牙海岸',NULL),(98,'马达加斯加',NULL),(99,'马里',NULL),(100,'尼日尔',NULL),(101,'尼日利亚',NULL),(102,'塞内加尔',NULL),(103,'索马里',NULL),(104,'多哥',NULL),(105,'上沃尔特',NULL),(106,'里塔尼亚',NULL),(107,'蒙古',NULL),(108,'塞拉利昂',NULL),(109,'坦噶尼喀',NULL),(110,'阿尔及利亚',NULL),(111,'布隆迪',NULL),(112,'牙买加',NULL),(113,'卢旺达',NULL),(114,'特立尼达和多巴哥',NULL),(115,'乌干达',NULL),(116,'肯尼亚',NULL),(117,'科威特',NULL),(118,'桑给巴尔',NULL),(119,'马拉维',NULL),(120,'马耳他',NULL),(121,'赞比亚',NULL),(122,'冈比亚',NULL),(123,'马尔代夫群岛',NULL),(124,'新加坡',NULL),(125,'巴巴多斯',NULL),(126,'博茨瓦纳',NULL),(127,'圭亚那',NULL),(128,'莱索托',NULL),(129,'也门',NULL),(130,'赤道几内亚',NULL),(131,'毛里求斯',NULL),(132,'斯威士兰',NULL),(133,'斐济',NULL),(134,'巴林',NULL),(135,'不丹',NULL),(136,'阿曼',NULL),(137,'卡塔尔',NULL),(138,'阿拉伯联合酋长国',NULL),(139,'巴哈马',NULL),(140,'德国',NULL),(141,'孟加拉国',NULL),(142,'格林纳达',NULL),(143,'几内亚比绍',NULL),(144,'佛得角',NULL),(145,'科摩罗',NULL),(146,'莫桑比克',NULL),(147,'巴布亚新几内亚',NULL),(148,'圣多美和普林西比',NULL),(149,'苏里南',NULL),(150,'安哥拉',NULL),(151,'萨摩亚',NULL),(152,'塞舌尔',NULL),(153,'吉布提',NULL),(154,'越南',NULL),(155,'多米尼加',NULL),(156,'所罗门群岛',NULL),(157,'圣卢西亚',NULL),(158,'圣文森特和格林纳丁斯',NULL),(159,'津巴布韦',NULL),(160,'安提瓜和巴布达',NULL),(161,'伯利兹',NULL),(162,'瓦努阿图',NULL),(163,'圣克里斯托弗和尼维斯',NULL),(164,'文莱',NULL),(165,'列支敦士登',NULL),(166,'纳米比亚',NULL),(167,'朝鲜',NULL),(168,'爱沙尼亚',NULL),(169,'拉脱维亚',NULL),(170,'立陶宛',NULL),(171,'马绍尔群岛',NULL),(172,'密克罗尼西亚',NULL),(173,'韩国',NULL),(174,'亚美尼亚',NULL),(175,'阿塞拜疆',NULL),(176,'波黑',NULL),(177,'克罗地亚',NULL),(178,'格鲁吉亚',NULL),(179,'哈萨克斯坦',NULL),(180,'吉尔吉斯斯坦',NULL),(181,'摩尔多瓦',NULL),(182,'圣马力诺',NULL),(183,'斯洛文尼亚',NULL),(184,'塔吉克斯坦',NULL),(185,'土库曼斯坦',NULL),(186,'乌兹别克斯坦',NULL),(187,'安道尔',NULL),(188,'捷克',NULL),(189,'厄立特里亚',NULL),(190,'摩纳哥',NULL),(191,'斯洛伐克',NULL),(192,'马其顿',NULL),(193,'帕劳',NULL),(194,'基里巴斯',NULL),(195,'瑙鲁',NULL),(196,'汤加',NULL),(197,'图瓦卢',NULL),(198,'瑞士',NULL),(199,'东帝汶',NULL),(200,'黑山共和国',NULL),(201,'南苏丹',NULL),(202,'辽宁',NULL),(203,'吉林',NULL),(204,'黑龙江',NULL),(205,'河北',NULL),(206,'山西',NULL),(207,'陕西',NULL),(208,'甘肃',NULL),(209,'青海',NULL),(210,'山东',NULL),(211,'安徽',NULL),(212,'江苏',NULL),(213,'浙江',NULL),(214,'河南',NULL),(215,'湖北',NULL),(216,'湖南',NULL),(217,'江西',NULL),(218,'台湾',NULL),(219,'福建',NULL),(220,'云南',NULL),(221,'海南',NULL),(222,'四川',NULL),(223,'贵州',NULL),(224,'广东',NULL),(225,'内蒙古',NULL),(226,'新疆',NULL),(227,'广西',NULL),(228,'西藏',NULL),(229,'宁夏',NULL),(230,' 北京',NULL),(231,'上海',NULL),(232,'天津',NULL),(233,'重庆',NULL),(234,'香港',NULL),(235,'澳门',NULL),(236,'海滩',NULL),(237,'森林',NULL),(238,'日光',NULL),(239,'树林',NULL),(240,'草原',NULL),(242,'峡谷',NULL),(243,'瀑布',NULL),(244,'冰川',NULL),(245,'雪地',NULL),(246,'城市',NULL),(247,'古迹',NULL),(248,'河流',NULL),(249,'小溪',NULL),(250,'博物馆',NULL),(251,'城堡',NULL),(252,'球赛',NULL),(253,'民居',NULL),(254,'自拍',NULL),(255,'竹林',NULL),(256,'大树',NULL),(257,'历史',NULL),(258,'人文',NULL),(260,'美丽',NULL),(262,'户外',NULL),(263,'彩虹',NULL),(264,'街景',NULL),(265,'建筑',NULL),(266,'公园',NULL),(267,'迪士尼',NULL),(268,'波多黎各',NULL),(269,'乡村',NULL),(270,'教堂',NULL),(271,'日落',NULL),(272,'岩石',NULL),(273,'岛屿',NULL),(274,'港口',NULL),(275,'花草',NULL),(276,'船',NULL),(277,'梵蒂冈',NULL),(278,'湖泊',NULL),(279,'寺庙',NULL),(280,'美食',NULL),(281,'阳光',NULL),(282,'极光',NULL),(283,'沙滩',NULL),(284,'test1',NULL),(285,'test2',NULL),(286,'test3',NULL),(287,'[\"123\"',NULL),(288,'\"234\"]',NULL),(289,'[\"河流\"',NULL),(290,'\" 山川\"]',NULL);

#
# Structure for table "topic_tag"
#

CREATE TABLE `topic_tag` (
  `id` int(11) NOT NULL auto_increment,
  `tag_id` int(11) default NULL,
  `tt_topic` int(11) default NULL,
  PRIMARY KEY  (`id`),
  KEY `FK172B8C8A9751F685` (`tag_id`),
  KEY `FK172B8C8AEB4F782A` (`tt_topic`),
  CONSTRAINT `FK172B8C8A9751F685` FOREIGN KEY (`tag_id`) REFERENCES `tag` (`tag_id`),
  CONSTRAINT `FK172B8C8AEB4F782A` FOREIGN KEY (`tt_topic`) REFERENCES `topic` (`topic_id`)
) ENGINE=InnoDB DEFAULT CHARSET=utf8;

#
# Data for table "topic_tag"
#

REPLACE INTO `topic_tag` VALUES (1,81,1),(2,79,1),(3,49,1),(4,140,1),(5,20,1),(6,168,1),(7,74,1),(8,67,1),(9,24,1),(10,60,1),(11,274,2),(12,270,2),(13,265,2),(14,264,2),(15,246,2),(16,7,9),(17,82,5),(18,173,5),(19,234,5),(20,198,1),(21,236,3),(22,281,3),(23,4,7),(24,245,7),(25,56,8),(26,36,6),(27,7,4),(28,1,4),(29,2,4),(30,4,4),(31,39,1),(32,244,7),(33,47,1),(35,234,8),(36,59,5),(37,283,3),(38,228,8),(39,267,6),(40,278,4),(41,282,4),(42,275,4),(43,273,4),(44,271,4),(45,266,4),(46,263,4),(47,257,2),(48,256,4),(49,249,4),(50,248,4),(51,245,4),(52,243,4),(53,244,4),(54,239,4),(55,237,4);

#
# Structure for table "user"
#

CREATE TABLE `user` (
  `user_id` int(11) NOT NULL auto_increment,
  `email` varchar(255) collate utf8_bin default NULL,
  `password` varchar(255) character set utf8 default NULL,
  `username` varchar(255) character set utf8 default '',
  `avatar` varchar(255) collate utf8_bin default NULL,
  `identity` int(11) default '0',
  `introduction` varchar(255) collate utf8_bin default NULL,
  `message` varchar(255) collate utf8_bin default NULL,
  `isfollowed` varchar(255) collate utf8_bin default NULL,
  `city` varchar(255) collate utf8_bin default NULL,
  `gender` varchar(255) collate utf8_bin default NULL,
  PRIMARY KEY  (`user_id`)
) ENGINE=InnoDB DEFAULT CHARSET=utf8 COLLATE=utf8_bin;

#
# Data for table "user"
#

REPLACE INTO `user` VALUES (1,'admin@admin.com','yyy','test11','1',0,'一段话blabla。。。',NULL,NULL,'sdf','female'),(2,'test1@test.com','1234','wwe','/image/avatar/user2.jpg',0,'qwerqwe',NULL,NULL,'wewr','male'),(3,'test2@test.com','123','testuser2','/image/avatar/user1.jpg',0,NULL,NULL,NULL,NULL,NULL),(4,'test3@test.com','123','testuser4','/image/avatar/user2.jpg',0,NULL,NULL,NULL,NULL,NULL),(5,'test4@admin.com','admin','gou','/image/avatar/user2.jpg',0,NULL,NULL,NULL,NULL,NULL),(8,'test5@gmail.com','admin','gou1','/image/avatar/user11.jpg',0,NULL,NULL,NULL,NULL,NULL),(9,'test7@gmail.com','admin','gou3','/image/avatar/user11.jpg',0,NULL,NULL,NULL,NULL,NULL),(22,'fang5@gou.com','123456','fangcheng5','/image/avatar/user11.jpg',0,NULL,NULL,NULL,NULL,NULL),(23,'fang4@gou.com','234234','sadfsa','/image/avatar/user11.jpg',0,NULL,NULL,NULL,NULL,NULL),(24,'fang6@gou.com','1234','fang6','/image/avatar/user11.jpg',0,NULL,NULL,NULL,NULL,NULL),(30,'test31@test.com','password','二狗','/image/avatar/user11.jpg',NULL,NULL,NULL,NULL,NULL,NULL),(31,'123@123.com','123456','ddddd','/image/avatar/user11.jpg',0,'beautiful','null',NULL,NULL,NULL),(32,'0@123.com','123456','BENZEMA','/image/avatar/user11.jpg',1,'来自法国的旅行家','null',NULL,NULL,NULL),(33,'1@123.com','123456','AMAZING PLACE','/image/avatar/14e72gw.jpg',1,'Welcome to my travel blog. My name is Anna, I\'m 27 years old and from Germany. I love traveling. I’ve traveled to 40 countries so far.','null',NULL,NULL,NULL),(34,'2@123.com','123456','TRAVEL AND SEE THE WORLD','/image/avatar/user2.jpg',1,'TRAVEL AND SEE THE WORLD','null',NULL,NULL,NULL),(35,'3@123.com','123456','TRAVEL LOVER','/image/avatar/user2.jpg',1,'LTE\'S TRAVEL','null',NULL,NULL,NULL),(36,'4@123.com','123456','JAMES-A PROFESSIONAL TRAVELER','/image/avatar/user2.jpg',1,'NICE PIC ALL OVER THE WORLD','null',NULL,NULL,NULL),(37,'5@123.com','123456','方程','/image/avatar/user5.jpg',1,'来自德国的旅行家','null',NULL,NULL,NULL),(38,'6@123.com','123456','姜木慧','/image/avatar/user6.jpg',1,'狗','null',NULL,NULL,NULL),(39,'7@123.com','123456','张良','/image/avatar/user7.jpg',1,'贤侄','null',NULL,NULL,NULL),(40,'8@123.com','123456','赵鹏','/image/avatar/user8.jpg',1,'beautiful','null',NULL,NULL,NULL),(41,'9@123.com','123456','张奕格','/image/avatar/user2.jpg',1,'来自西北的旅行家','null',NULL,NULL,NULL),(42,'10@123.com','123456','阮康乐','/image/avatar/user10.jpg',1,'来自上海的旅行家','null',NULL,NULL,NULL),(43,'11@123.com','123456','金成鑫','/image/avatar/user11.jpg',1,'papa','null',NULL,NULL,NULL),(44,'12@123.com','123456','张旭晨','/image/avatar/user12.jpg',1,'来自安徽的旅行家','null',NULL,NULL,NULL),(45,'13@123.com','123456','李寒阳','/image/avatar/user13.jpg',1,'来自四川的旅行家','null',NULL,NULL,NULL),(46,'14@123.com','123456','孙琳','/image/avatar/user14.jpg',1,'来自辽宁的旅行家','null',NULL,NULL,NULL),(47,'15@123.com','123456','高屹','/image/avatar/user15.jpg',1,'来自天津的旅行家','null',NULL,NULL,NULL),(48,'16@123.com','123456','王鑫','/image/avatar/user16.jpg',1,'来自内蒙古的旅行家','null',NULL,NULL,NULL),(49,'17@123.com','123456','小飞飞','/image/avatar/user16.jpg',1,'beautiful','null',NULL,NULL,NULL),(50,'18@123.com','123456','CRISTIANO','/image/avatar/user2.jpg',1,'来自葡萄牙的旅行家','null',NULL,NULL,NULL),(51,'19@123.com','123456','BALE','/image/avatar/user2.jpg',1,'来自威尔士的旅行家','null',NULL,NULL,NULL),(52,'cat@cat.com','cat','cat',NULL,NULL,NULL,NULL,NULL,NULL,NULL),(53,'dog@dog.com','1','张二狗','/image/avatar/user11.jpg',0,NULL,NULL,NULL,NULL,NULL),(54,'jiang@jiang.com','jiang','jiang','/image/avatar/user11.jpg',0,NULL,NULL,NULL,NULL,NULL),(55,'cheng@cheng.com','cheng','cheng','/image/avatar/user11.jpg',0,NULL,NULL,NULL,NULL,NULL),(56,'john1@gmail.com','1234','john1','/image/avatar/user11.jpg',0,NULL,NULL,NULL,NULL,NULL),(57,'john2@gmail.com','1234','john2','/image/avatar/user11.jpg',0,NULL,NULL,NULL,NULL,NULL),(58,'john3@gmail.com','1234','john3','/image/avatar/user11.jpg',0,NULL,NULL,NULL,NULL,NULL),(59,'john4@gmail.com','1234','john4','/image/avatar/user11.jpg',0,NULL,NULL,NULL,NULL,NULL),(60,'john5@gmial.com','1234','john5','/image/avatar/user11.jpg',0,NULL,NULL,NULL,NULL,NULL),(61,'john6@gmail.com','1234','john6','/image/avatar/user11.jpg',0,NULL,NULL,NULL,NULL,NULL),(62,'test33@test.com','password','大狗','/image/avatar/user11.jpg',0,NULL,NULL,NULL,NULL,NULL),(63,'johnbryant262@gmail.com','1234','johnbryant','/image/avatar/user11.jpg',0,NULL,NULL,NULL,NULL,NULL),(66,'soap@soap.cn','aaa','soapxxxx','/image/avatar/user11.jpg',0,NULL,NULL,NULL,NULL,NULL),(67,'1234@xxy.cn','aaa','zhsa','/image/avatar/user11.jpg',0,NULL,NULL,NULL,NULL,NULL),(68,'1234@xxy.cn','aaa','zhsa','/image/avatar/user11.jpg',0,NULL,NULL,NULL,NULL,NULL),(69,'1234@xxffy.cn','aaa','zhsas','/image/avatar/user11.jpg',0,NULL,NULL,NULL,NULL,NULL);

#
# Structure for table "message"
#

CREATE TABLE `message` (
  `message_id` int(11) NOT NULL auto_increment,
  `context` varchar(255) collate utf8_bin default NULL,
  `image` varchar(255) collate utf8_bin default NULL,
  `message_date` varchar(255) character set utf8 default NULL,
  `user_id` int(11) default NULL,
  `like_count` bigint(20) NOT NULL default '0',
  `isliked` varchar(255) collate utf8_bin default NULL,
  PRIMARY KEY  (`message_id`),
  KEY `FK38EB0007A677582F` (`user_id`),
  CONSTRAINT `FK38EB0007A677582F` FOREIGN KEY (`user_id`) REFERENCES `user` (`user_id`)
) ENGINE=InnoDB DEFAULT CHARSET=utf8 COLLATE=utf8_bin;

#
# Data for table "message"
#

REPLACE INTO `message` VALUES (1,'test1','/image/test.jpg','2015-05-05 00:00:00',2,1,NULL),(2,'test2','/image/test.jpg','2015-05-05 00:00:00',2,1,NULL),(3,'test3','/image/test.jpg','2015-05-05 00:00:02',4,0,NULL),(4,'test4','/image/test.jpg','2015-05-05 00:00:03',2,0,NULL),(5,'test5','/image/test.jpg','2015-05-05 00:00:04',4,0,NULL),(6,'test6','/image/test.jpg','2015-05-05 00:00:06',2,0,NULL),(7,'test7','/image/test.jpg','2015-05-05 00:00:07',2,0,NULL),(8,'test8','/image/test.jpg','2015-05-05 00:00:01',4,0,NULL),(9,'test9','/image/test.jpg','2015-05-05 00:00:01',2,0,NULL),(10,'test10','/image/test.jpg','2015-05-05 00:00:01',3,0,NULL),(11,'test11','/image/test.jpg','2015-05-05 00:00:20',3,0,NULL),(12,'test12','/image/test.jpg','2015-05-05 00:00:01',4,0,NULL),(13,'test13','/image/test.jpg','2015-05-05 00:00:01',2,0,NULL),(14,'test14','/image/test.jpg','2015-05-05 00:00:01',3,0,NULL),(15,'test15','/image/test.jpg','2015-05-05 00:00:01',5,0,NULL),(16,'test16','/image/test.jpg','2015-05-05 00:00:20',5,0,NULL),(17,'test17','/image/test.jpg','2015-05-05 01:00:07',1,0,NULL),(18,'test18','/image/test.jpg','2015-05-05 01:00:06',2,0,NULL),(19,'test19','/image/test.jpg','2015-05-05 01:20:06',2,0,NULL),(20,'test20','/image/test.jpg','2015-05-05 02:20:06',1,3,NULL),(21,'test21','/image/test.jpg','2015-05-05 02:20:06',2,0,NULL),(22,'test22','/image/test.jpg','2015-05-05 00:00:07',1,0,NULL),(23,'test23','/image/test.jpg','2015-05-05 00:00:07',5,0,NULL),(24,'test24','/image/test.jpg','2015-05-05 00:00:06',1,0,NULL),(25,'test25','/image/test.jpg','2015-05-05 10:00:00',2,0,NULL),(86,'here is the most beautiful place I ever been','/image/message_pic/pic0.jpg','2015-05-10 18:49:12',31,0,NULL),(87,'here is the most beautiful place I ever been','/image/message_pic/pic1.jpg','2015-05-10 18:49:12',32,0,NULL),(88,'here is the most beautiful place I ever been','/image/message_pic/pic2.jpg','2015-05-10 18:49:12',33,0,NULL),(89,'here is the most beautiful place I ever been','/image/message_pic/pic3.jpg','2015-05-10 18:49:12',34,0,NULL),(90,'here is the most beautiful place I ever been','/image/message_pic/pic4.jpg','2015-05-10 18:49:12',35,0,NULL),(91,'here is the most beautiful place I ever been','/image/message_pic/pic5.jpg','2015-05-10 18:49:12',36,0,NULL),(92,'here is the most beautiful place I ever been','/image/message_pic/pic6.jpg','2015-05-10 18:49:12',37,0,NULL),(93,'here is the most beautiful place I ever been','/image/message_pic/pic7.jpg','2015-05-10 18:49:12',38,0,NULL),(94,'here is the most beautiful place I ever been','/image/message_pic/pic8.jpg','2015-05-10 18:49:12',39,0,NULL),(95,'here is the most beautiful place I ever been','/image/message_pic/pic9.jpg','2015-05-10 18:49:12',40,0,NULL),(96,'here is the most beautiful place I ever been','/image/message_pic/pic10.jpg','2015-05-10 18:49:12',41,0,NULL),(97,'here is the most beautiful place I ever been','/image/message_pic/pic11.jpg','2015-05-10 18:49:12',42,0,NULL),(98,'here is the most beautiful place I ever been','/image/message_pic/pic12.jpg','2015-05-10 18:49:12',43,0,NULL),(99,'here is the most beautiful place I ever been','/image/message_pic/pic13.jpg','2015-05-10 18:49:12',44,0,NULL),(100,'here is the most beautiful place I ever been','/image/message_pic/pic14.jpg','2015-05-10 18:49:12',45,0,NULL),(101,'here is the most beautiful place I ever been','/image/message_pic/pic15.jpg','2015-05-10 18:49:12',46,0,NULL),(102,'here is the most beautiful place I ever been','/image/message_pic/pic16.jpg','2015-05-10 18:49:12',47,0,NULL),(103,'here is the most beautiful place I ever been','/image/message_pic/pic17.jpg','2015-05-10 18:49:12',48,0,NULL),(104,'here is the most beautiful place I ever been','/image/message_pic/pic18.jpg','2015-05-10 18:49:12',49,0,NULL),(105,'here is the most beautiful place I ever been','/image/message_pic/pic19.jpg','2015-05-10 18:49:12',50,0,NULL),(106,'here is the most beautiful place I ever been','/image/message_pic/pic20.jpg','2015-05-10 18:49:12',31,0,NULL),(107,'here is the most beautiful place I ever been','/image/message_pic/pic21.jpg','2015-05-10 18:49:12',32,0,NULL),(108,'here is the most beautiful place I ever been','/image/message_pic/pic22.jpg','2015-05-10 18:49:12',33,0,NULL),(109,'here is the most beautiful place I ever been','/image/message_pic/pic23.jpg','2015-05-10 18:49:12',34,0,NULL),(110,'here is the most beautiful place I ever been','/image/message_pic/pic24.jpg','2015-05-10 18:49:12',35,0,NULL),(111,'here is the most beautiful place I ever been','/image/message_pic/pic25.jpg','2015-05-10 18:49:12',36,0,NULL),(112,'here is the most beautiful place I ever been','/image/message_pic/pic26.jpg','2015-05-10 18:49:12',37,0,NULL),(113,'here is the most beautiful place I ever been','/image/message_pic/pic27.jpg','2015-05-10 18:49:12',38,0,NULL),(114,'here is the most beautiful place I ever been','/image/message_pic/pic28.jpg','2015-05-10 18:49:12',39,0,NULL),(115,'here is the most beautiful place I ever been','/image/message_pic/pic29.jpg','2015-05-10 18:49:12',40,0,NULL),(116,'here is the most beautiful place I ever been','/image/message_pic/pic30.jpg','2015-05-10 18:49:12',41,0,NULL),(117,'here is the most beautiful place I ever been','/image/message_pic/pic31.jpg','2015-05-10 18:49:12',42,0,NULL),(118,'here is the most beautiful place I ever been','/image/message_pic/pic32.jpg','2015-05-10 18:49:12',43,0,NULL),(119,'here is the most beautiful place I ever been','/image/message_pic/pic33.jpg','2015-05-10 18:49:12',44,0,NULL),(120,'here is the most beautiful place I ever been','/image/message_pic/pic34.jpg','2015-05-10 18:49:12',45,0,NULL),(121,'here is the most beautiful place I ever been','/image/message_pic/pic35.jpg','2015-05-10 18:49:12',46,0,NULL),(122,'here is the most beautiful place I ever been','/image/message_pic/pic36.jpg','2015-05-10 18:49:12',47,0,NULL),(123,'here is the most beautiful place I ever been','/image/message_pic/pic37.jpg','2015-05-10 18:49:12',48,0,NULL),(124,'here is the most beautiful place I ever been','/image/message_pic/pic38.jpg','2015-05-10 18:49:12',49,0,NULL),(125,'here is the most beautiful place I ever been','/image/message_pic/pic39.jpg','2015-05-10 18:49:12',50,0,NULL),(126,'Cherry Creek State Park, Colorado','/image/message_pic/pic40.jpg','2015-05-10 18:49:12',31,0,NULL),(127,'here is the most beautiful place I ever been','/image/message_pic/pic41.jpg','2015-05-10 18:49:12',32,0,NULL),(128,'here is the most beautiful place I ever been','/image/message_pic/pic42.jpg','2015-05-10 18:49:12',33,0,NULL),(129,'here is the most beautiful place I ever been','/image/message_pic/pic43.jpg','2015-05-10 18:49:12',34,0,NULL),(130,'here is the most beautiful place I ever been','/image/message_pic/pic44.jpg','2015-05-10 18:49:12',35,0,NULL),(131,'here is the most beautiful place I ever been','/image/message_pic/pic45.jpg','2015-05-10 18:49:12',36,0,NULL),(132,'here is the most beautiful place I ever been','/image/message_pic/pic46.jpg','2015-05-10 18:49:12',37,0,NULL),(133,'here is the most beautiful place I ever been','/image/message_pic/pic47.jpg','2015-05-10 18:49:12',38,0,NULL),(134,'here is the most beautiful place I ever been','/image/message_pic/pic48.jpg','2015-05-10 18:49:12',39,0,NULL),(135,'here is the most beautiful place I ever been','/image/message_pic/pic49.jpg','2015-05-10 18:49:12',40,0,NULL),(136,'here is the most beautiful place I ever been','/image/message_pic/pic50.jpg','2015-05-10 18:49:12',41,0,NULL),(137,'here is the most beautiful place I ever been','/image/message_pic/pic51.jpg','2015-05-10 18:49:12',42,0,NULL),(138,'here is the most beautiful place I ever been','/image/message_pic/pic52.jpg','2015-05-10 18:49:12',43,0,NULL),(139,'here is the most beautiful place I ever been','/image/message_pic/pic53.jpg','2015-05-10 18:49:12',44,0,NULL),(140,'here is the most beautiful place I ever been','/image/message_pic/pic54.jpg','2015-05-10 18:49:12',45,0,NULL),(141,'here is the most beautiful place I ever been','/image/message_pic/pic55.jpg','2015-05-10 18:49:12',46,0,NULL),(142,'here is the most beautiful place I ever been','/image/message_pic/pic56.jpg','2015-05-10 18:49:12',47,0,NULL),(143,'here is the most beautiful place I ever been','/image/message_pic/pic57.jpg','2015-05-10 18:49:12',48,0,NULL),(144,'here is the most beautiful place I ever been','/image/message_pic/pic58.jpg','2015-05-10 18:49:12',49,0,NULL),(145,'here is the most beautiful place I ever been','/image/message_pic/pic59.jpg','2015-05-10 18:49:12',50,0,NULL),(146,'Haleakalā National Park - Hawaii - USA','/image/message_pic/tumblr_no30k0bWt41snegd3o1_500.jpg','2015-05-10 18:49:12',31,0,NULL),(147,'San Juan - Puerto Rico ','/image/message_pic/tumblr_nnzlu2uutd1tqfub1o1_500.jpg','2015-05-10 18:49:12',32,0,NULL),(148,'Atlanta - Georgia - USA','/image/message_pic/tumblr_nnfn55GLe91tqfub1o1_500.jpg','2015-05-10 18:49:12',33,0,NULL),(149,'Cueva Ventana - Arecibo - Puerto Rico','/image/message_pic/tumblr_nnb6x8Z3ay1tqfub1o1_500.jpg','2015-05-10 18:49:12',34,0,NULL),(150,'Charleston - South Carolina - USA','/image/message_pic/tumblr_nn9uvkf0YU1tqfub1o1_500.jpg','2015-05-10 18:49:12',35,0,NULL),(151,'Disneyland - Anaheim - California - USA','/image/message_pic/tumblr_nl7mycfzCM1tqfub1o1_500.jpg','2015-05-10 18:49:12',36,0,NULL),(152,'São Vicente - Madeira - Portugal','/image/message_pic/tumblr_nk4x2y7YnM1tqfub1o1_500.jpg','2015-05-10 18:49:12',37,0,NULL),(153,'Florence - Italy','/image/message_pic/tumblr_njgot37LiN1tqfub1o1_500.jpg','2015-05-10 18:49:12',38,0,NULL),(154,'Dubai - United Arab Emirates','/image/message_pic/tumblr_njeuzuVybM1tqfub1o1_500.jpg','2015-05-10 18:49:12',39,0,NULL),(155,'Petra - Jordan','/image/message_pic/tumblr_njb5hti4s61tqfub1o1_500.jpg','2015-05-10 18:49:12',40,0,NULL),(156,'Madeira - Portugal','/image/message_pic/tumblr_niwrs6aOeJ1tqfub1o1_500.jpg','2015-05-10 18:49:12',41,0,NULL),(157,'Ponta de São Lourenço - Madeira - Portugal','/image/message_pic/tumblr_nihs7zXYkg1tqfub1o1_500.jpg','2015-05-10 18:49:12',42,0,NULL),(158,'Las Palmas - Gran Canaria - Canary Islands - Spain','/image/message_pic/tumblr_nifhbqIgri1tqfub1o1_500.jpg','2015-05-10 18:49:12',43,0,NULL),(159,'Petra - Jordan','/image/message_pic/tumblr_ng276rbvDX1tqfub1o1_500.jpg','2015-05-10 18:49:12',44,0,NULL),(160,'Mahatma-Jyotiba-Phule Market - Mumbai - India','/image/message_pic/tumblr_nfxalzo7231tqfub1o1_500.jpg','2015-05-10 18:49:12',45,0,NULL),(161,'Wadi Rum - Jordan','/image/message_pic/tumblr_nfr4haosdW1tqfub1o1_500.jpg','2015-05-10 18:49:12',46,0,NULL),(162,'Mangueshi Temple - Goa - India','/image/message_pic/tumblr_nfpxj2OmpO1tqfub1o1_500.jpg','2015-05-10 18:49:12',47,0,NULL),(163,'Victoria Station - Mumbai - India','/image/message_pic/tumblr_nfp4q1WA3t1tqfub1o1_500.jpg','2015-05-10 18:49:12',48,0,NULL),(164,'Petra - Jordan','/image/message_pic/tumblr_nfo0sa2w911tqfub1o1_500.jpg','2015-05-10 18:49:12',49,0,NULL),(165,'Salzburg - Austria','/image/message_pic/tumblr_nefbfhQrcD1tqfub1o1_500.jpg','2015-05-10 18:49:12',50,0,NULL),(166,'New Orleans - Louisiana - USA','/image/message_pic/tumblr_nd6mbozZD51tqfub1o1_500.jpg','2015-05-10 18:49:12',31,0,NULL),(167,'Madeira - Portugal','/image/message_pic/tumblr_ncoswiDbBV1tqfub1o1_500.jpg','2015-05-10 18:49:12',32,0,NULL),(168,'White House - Washington D. C. - USA','/image/message_pic/tumblr_nb6c3odRTm1tqfub1o1_500.jpg','2015-05-10 18:49:12',33,0,NULL),(169,'Stockholm - Sweden','/image/message_pic/tumblr_nb2iqdbpLi1tqfub1o1_500.jpg','2015-05-10 18:49:12',34,0,NULL),(170,'Eivissa - Ibiza - Spain','/image/message_pic/tumblr_nanwf59i8D1tqfub1o1_500.jpg','2015-05-10 18:49:12',35,0,NULL),(171,'New Orleans - Louisiana - USA','/image/message_pic/ptumblr_na1o4fZ2IL1tqfub1o1_500.jpg','2015-05-10 18:49:12',36,0,NULL),(172,'Dubai - United Arab Emirates','/image/message_pic/tumblr_n9ypqqfWR81tqfub1o1_500.jpg','2015-05-10 18:49:12',37,0,NULL),(173,'Cádiz - Spain','/image/message_pic/tumblr_n9wqnpUHdV1tqfub1o1_500.jpg','2015-05-10 18:49:12',38,0,NULL),(174,'Lisbon - Portugal','/image/message_pic/tumblr_n9uz4inFMx1tqfub1o1_500.jpg','2015-05-10 18:49:12',39,0,NULL),(175,'Burj Al Arab - Dubai - United Arab Emirates','/image/message_pic/tumblr_n9t87dQpo31tqfub1o1_500.jpg','2015-05-10 18:49:12',40,0,NULL),(176,'Salzburg - Austria','/image/message_pic/tumblr_n9s50w712H1tqfub1o1_500.jpg','2015-05-10 18:49:12',41,0,NULL),(177,'Salzburg - Austria','/image/message_pic/tumblr_n9qo2yBcHq1tqfub1o1_500.jpg','2015-05-10 18:49:12',42,0,NULL),(178,'Eivissa - Ibiza - Spain','/image/message_pic/tumblr_n9ooms1A5Y1tqfub1o1_500.jpg','2015-05-10 18:49:12',43,0,NULL),(179,'Eivissa - Ibiza - Spain','/image/message_pic/tumblr_n9mmnoEisW1tqfub1o1_500.jpg','2015-05-10 18:49:12',44,0,NULL),(180,'Eivissa - Ibiza - Spain','/image/message_pic/tumblr_n9jd2lbXdI1tqfub1o1_500.jpg','2015-05-10 18:49:12',45,0,NULL),(181,'Eivissa - Ibiza - Spain','/image/message_pic/tumblr_n9h7mkwWvw1tqfub1o1_500.jpg','2015-05-10 18:49:12',46,0,NULL),(182,'Karlsruhe - Germany','/image/message_pic/tumblr_n90kn9DYlq1tqfub1o1_500.jpg','2015-05-10 18:49:12',47,0,NULL),(183,'Warnemünde - Germany','/image/message_pic/tumblr_n84y5mNyzY1tqfub1o1_500.jpg','2015-05-10 18:49:12',48,0,NULL),(184,'Rostock - Germany','/image/message_pic/tumblr_n837ouMphe1tqfub1o1_500.jpg','2015-05-10 18:49:12',49,0,NULL),(185,'St. Petersburg - Russia','/image/message_pic/tumblr_n81pkwffLy1tqfub1o1_500.jpg','2015-05-10 18:49:12',50,0,NULL),(186,'Kronstadt - Russia','/image/message_pic/tumblr_n7zekf9i711tqfub1o1_500.jpg','2015-05-10 18:49:12',31,0,NULL),(187,'Old Town - Stockholm - Sweden','/image/message_pic/tumblr_n7q7slz5aX1tqfub1o1_500.jpg','2015-05-10 18:49:12',32,0,NULL),(188,'St. Petersburg - Russia','/image/message_pic/tumblr_n7c0j6o6CJ1tqfub1o1_500.jpg','2015-05-10 18:49:12',33,0,NULL),(189,'Tallinn - Estonia','/image/message_pic/tumblr_n78c0zZDN71tqfub1o1_500.jpg','2015-05-10 18:49:12',34,0,NULL),(190,'Old Town - Tallinn - Estonia','/image/message_pic/tumblr_n6uycgwO4w1tqfub1o1_500.jpg','2015-05-10 18:49:12',35,0,NULL),(191,'Saint Louis Cathedral - New Orleans - Louisiana - USA','/image/message_pic/tumblr_n44ma2xCZ11tqfub1o1_500.jpg','2015-05-10 18:49:12',36,0,NULL),(192,'Big Ben - London - England','/image/message_pic/tumblr_n3zleuFKpW1tqfub1o1_500.jpg','2015-05-10 18:49:12',37,0,NULL),(193,'Madeira Beach - Florida - USA','/image/message_pic/tumblr_n3rhu6VlWi1tqfub1o1_500.jpg','2015-05-10 18:49:12',38,0,NULL),(194,'Ajaccio - Corsica','/image/message_pic/tumblr_n39mpzDe6J1tqfub1o1_500.jpg','2015-05-10 18:49:12',39,0,NULL),(195,'Zadar - Croatia','/image/message_pic/tumblr_n2w8rqJePX1tqfub1o1_500.jpg','2015-05-10 18:49:12',40,0,NULL),(196,'Vatican City - Vatican','/image/message_pic/tumblr_n2nl5d1xjS1tqfub1o1_500.jpg','2015-05-10 18:49:12',41,0,NULL),(197,'Miami - Florida - USA','/image/message_pic/tumblr_n2hk3bhfT11tqfub1o1_500.jpg','2015-05-10 18:49:12',42,0,NULL),(198,'Cyprus - Greece','/image/message_pic/tumblr_n2enxnAp7K1tqfub1o1_500.jpg','2015-05-10 18:49:12',43,0,NULL),(199,'Salzburg - Austria','/image/message_pic/tumblr_n2brppnnkc1tqfub1o1_500.jpg','2015-05-10 18:49:12',44,0,NULL),(200,'Miami - Florida - USA','/image/message_pic/tumblr_n2aameKWDj1tqfub1o1_500.jpg','2015-05-10 18:49:12',45,0,NULL),(201,'Fuschl am See - Austria','/image/message_pic/tumblr_n2a1oa33In1tqfub1o1_500.jpg','2015-05-10 18:49:12',46,0,NULL),(202,'Olympic National Park - Washington - USA','/image/message_pic/tumblr_n215siqmpt1tqfub1o1_500.jpg','2015-05-10 18:49:12',47,0,NULL),(203,'Sedona - Arizona - USA','/image/message_pic/tumblr_n1m9t2Jicf1tqfub1o1_500.jpg','2015-05-10 18:49:12',48,0,NULL),(204,'Schloss Fuschl - Hof bei Salzburg - Austria','/image/message_pic/tumblr_n1ieeoIj7L1tqfub1o1_500.jpg','2015-05-10 18:49:12',49,0,NULL),(205,'Miami - Florida - USA','/image/message_pic/tumblr_n1i8zxEqFs1tqfub1o1_500.jpg','2015-05-10 18:49:12',50,0,NULL),(206,'International Court of Justice - The Hague - Netherlands','/image/message_pic/tumblr_n1h826SUvA1tqfub1o1_500.jpg','2015-05-10 18:49:12',31,0,NULL),(207,'Kek Lok Si - Penang - Malaysia','/image/message_pic/tumblr_n1gii0n5eM1tqfub1o1_500.jpg','2015-05-10 18:49:12',32,0,NULL),(208,'Wat Arun - Bangkok - Thailand','/image/message_pic/tumblr_n1enydYAy61tqfub1o1_500.jpg','2015-05-10 18:49:12',33,0,NULL),(209,'Mekong Delta - Vietnam','/image/message_pic/tumblr_n1cl146PEf1tqfub1o1_500.jpg','2015-05-10 18:49:12',34,0,NULL),(210,'Old City - Philadelphia - USA','/image/message_pic/tumblr_n08o61Q5eV1tqfub1o1_500.jpg','2015-05-10 18:49:12',35,0,NULL),(211,'Extraterrestrial Highway - Nevada - USA','/image/message_pic/tumblr_n08lxzq1Vz1tqfub1o1_500.jpg','2015-05-10 18:49:12',36,0,NULL),(212,'Walk of Fame - Los Angeles - California - USA','/image/message_pic/tumblr_n04a87YJUF1tqfub1o1_500.jpg','2015-05-10 18:49:12',37,0,NULL),(213,'AIDABlu - Dubai - United Arab Emirates','/image/message_pic/tumblr_n03c6cFCsN1tqfub1o1_500.jpg','2015-05-10 18:49:12',38,0,NULL),(214,'Buzios - Brazil','/image/message_pic/tumblr_n00j9gyjZx1tqfub1o1_500.jpg','2015-05-10 18:49:12',39,0,NULL),(215,'Malaga - Spain','/image/message_pic/tumblr_n00izp3UOh1tqfub1o1_500.jpg','2015-05-10 18:49:12',40,0,NULL),(216,'MS Europa - Hapag Lloyd - Paphos - Cyprus - Greece','/image/message_pic/tumblr_mzvodiQa6r1tqfub1o1_500.jpg','2015-05-10 18:49:12',41,0,NULL),(217,'San Juan Island - Washington - USA','/image/message_pic/tumblr_mztyzxw7Tl1tqfub1o1_500.jpg','2015-05-10 18:49:12',42,0,NULL),(218,'Burj Khalifa - Dubai - United Arab Emirates','/image/message_pic/tumblr_mztvl6vcKV1tqfub1o1_500.jpg','2015-05-10 18:49:12',43,0,NULL),(219,'Skyscraper - Dubai - United Arab Emirates','/image/message_pic/tumblr_mzs1vhMlwV1tqfub1o1_500.jpg','2015-05-10 18:49:12',44,0,NULL),(220,'Al Alam Palace - Muscat - Oman','/image/message_pic/tumblr_mzs1kwakn91tqfub1o1_500.jpg','2015-05-10 18:49:12',45,0,NULL),(221,'AIDA Blu - Harbor Muscat - Oman','/image/message_pic/tumblr_mzrzamuWpz1tqfub1o1_500.jpg','2015-05-10 18:49:12',46,0,NULL),(222,'View from Burj Khalifa - Dubai - United Arab Emirates','/image/message_pic/tumblr_mzrz6nwLfk1tqfub1o1_500.jpg','2015-05-10 18:49:12',47,0,NULL),(223,'I’m not the professional type of photographer. But one thing’s for sure. I love taking pictures and capturing moments.','/image/message_pic/tumblr_no6bg5RZQb1qjzcbeo1_500.jpg','2015-05-10 18:49:12',48,0,NULL),(224,'“The Colors of Night” San Francisco, California.','/image/message_pic/tumblr_no6ht1uxo81qjzcbeo1_500.jpg','2015-05-10 18:49:12',49,0,NULL),(225,'Fenghuang County (凤凰县), Hunan, China, is an exceptionally well-preserved ancient town.','/image/message_pic/p81b23ff5f10f8fbf4bd2bb101f289c22 .jpg','2015-05-10 18:49:12',50,0,NULL),(226,'Split Pinnacle , Hunan China - The 100 Most Beautiful and Breathtaking Places in the World in Pictures (part 2)','/image/message_pic/c639a732bca7de15fcb6a13e31707090.jpg','2015-05-10 18:49:12',31,0,NULL),(227,'Forbidden City, Beijing China. The Forbidden City was the Chinese imperial palace for 24 Emperors from the Ming Dynasty to the end of the Qing Dynasty. Been here!','/image/message_pic/d166a9769a285e9cb91fbcfe595db489.jpg','2015-05-10 18:49:12',32,0,NULL),(228,'Don\'t miss these if you get to Xian.','/image/message_pic/788c31169d2a9d374b71ef4b470dae9d.jpg','2015-05-10 18:49:12',33,0,NULL),(229,'Guilin, China','/image/message_pic/1d9990f68f8c260908af4ad088f69f8e.jpg','2015-05-10 18:49:12',34,0,NULL),(230,'Great wall of China... My eyes will never forget this site. As a child I thought it was the most wonderful place to sit and dream... China you will for ever have a place in my heart!','/image/message_pic/2a50392f0ddf3243d1287ac7a473e2a2.jpg','2015-05-10 18:49:12',35,0,NULL),(231,'The Nanxi River (楠溪江) is located in Yongjia County of the Zhejiang Province in eastern China.','/image/message_pic/f1335a56ea209fd5189ca6ca9474c160.jpg','2015-05-10 18:49:12',36,0,NULL),(232,'Terraced rice field in water season in YuanYang, China | 17 Unbelivably Photos Of Rice Fields. ','/image/message_pic/68389215705f332ae371bb17c43b57ce.jpg','2015-05-10 18:49:12',37,0,NULL),(233,'Ivy Temple, Xian, China','/image/message_pic/13f1f33ea71bd6ca716303800641bbb9.jpg','2015-05-10 18:49:12',38,0,NULL),(234,'Photograph by edithtsee','/image/message_pic/tumblr_nng7s73vj91tv6p8lo1_500.jpg','2015-05-10 18:49:12',39,0,NULL),(235,'Photograph by helen_sulli0214','/image/message_pic/tumblr_nnvg5wLfb51tv6p8lo1_500.jpg','2015-05-10 18:49:12',40,0,NULL),(236,'Photograph by jen_ariban','/image/message_pic/tumblr_nng6psRDx81tv6p8lo1_500.jpg','2015-05-10 18:49:12',41,0,NULL),(237,'Photograph by clementwoo','/image/message_pic/tumblr_nng7s46GXt1tv6p8lo1_500.jpg','2015-05-10 18:49:12',42,0,NULL),(238,'Photograph by instravelist','/image/message_pic/tumblr_nnggn8hIpj1tv6p8lo1_500.jpg','2015-05-10 18:49:12',43,0,NULL),(239,'Photograph by kazny78','/image/message_pic/tumblr_nngb2sDGLZ1tv6p8lo1_500.jpg','2015-05-10 18:49:12',44,0,NULL),(240,'Photograph by satoruhrd','/image/message_pic/tumblr_nngdnvamcm1tv6p8lo1_500 .jpg','2015-05-10 18:49:12',45,0,NULL),(241,'Photograph by seabass2013','/image/message_pic/tumblr_nngobkQzTX1tv6p8lo1_500.jpg','2015-05-10 18:49:12',46,0,NULL),(242,'Photograph by seabass2013','/image/message_pic/tumblr_nngprrX0e31tv6p8lo1_500.jpg','2015-05-10 18:49:12',47,0,NULL),(243,'Photograph by zainiruletheworld','/image/message_pic/tumblr_nn80irhPUO1tv6p8lo1_500.jpg','2015-05-10 18:49:12',48,0,NULL),(244,'Photograph by andrewgeorgiades','/image/message_pic/tumblr_nngr8gmaa41tv6p8lo1_500.jpg','2015-05-10 18:49:12',49,0,NULL),(245,'Photograph by homez360','/image/message_pic/tumblr_nn8h45h3rU1tv6p8lo1_500.jpg','2015-05-10 18:49:12',50,0,NULL),(246,'Photograph by markhoho_','/image/message_pic/tumblr_nn8m82uaZz1tv6p8lo1_500.jpg','2015-05-10 18:49:12',31,0,NULL),(247,'Photograph by vnthota','/image/message_pic/tumblr_nn8m7yaReK1tv6p8lo1_500.jpg','2015-05-10 18:49:12',32,0,NULL),(248,'Photograph by neontraveller','/image/message_pic/tumblr_nn8ioig6cq1tv6p8lo1_500.jpg','2015-05-10 18:49:12',33,0,NULL),(249,'Photograph by jetlagandmayhem','/image/message_pic/tumblr_nn90rf17JU1tv6p8lo1_500.jpg','2015-05-10 18:49:12',34,0,NULL),(250,'Photograph by duydash','/image/message_pic/tumblr_nn90rdxVqL1tv6p8lo1_500.jpg','2015-05-10 18:49:12',35,0,NULL),(251,'Photograph by johnny__to','/image/message_pic/tumblr_nn99yzO4wP1tv6p8lo1_500.jpg','2015-05-10 18:49:12',36,0,NULL),(252,'Photograph by ruzaan99','/image/message_pic/tumblr_nn99z70Ot21tv6p8lo1_500.jpg','2015-05-10 18:49:50',37,0,NULL),(253,'Photograph by joannestone59','/image/message_pic/tumblr_nn9cj1RWki1tv6p8lo1_500 .jpg','2015-05-10 18:49:51',38,0,NULL),(254,'Photograph by dankedieter','/image/message_pic/tumblr_nn9cj6yiyh1tv6p8lo1_500.jpg','2015-05-10 18:49:12',39,0,NULL),(255,'Photograph by w__ooi','/image/message_pic/tumblr_nn9cj4IdYg1tv6p8lo1_500.jpg','2015-05-10 18:49:52',40,0,NULL),(256,'Photograph by ricsin','/image/message_pic/tumblr_nn9uhhRDdV1tv6p8lo1_500.jpg','2015-05-10 18:49:53',41,0,NULL),(257,'Photograph by torridtext','/image/message_pic/tumblr_nna6bw5Swx1tv6p8lo1_500.jpg','2015-05-10 18:49:54',42,0,NULL),(258,'Photograph by mr_gadget','/image/message_pic/tumblr_nnacokfz711tv6p8lo1_500.jpg','2015-05-10 18:49:55',43,0,NULL),(259,'Photograph by ychauxx','/image/message_pic/tumblr_nn9xh5bLL71tv6p8lo1_500.jpg','2015-05-10 18:49:56',44,0,NULL),(260,'Photograph by the.shy.camera','/image/message_pic/tumblr_nnag631TYT1tv6p8lo1_500.jpg','2015-05-10 18:49:57',45,0,NULL),(261,'Photograph by viviennegan','/image/message_pic/tumblr_nnag6bG4641tv6p8lo1_500.jpg','2015-05-10 18:49:58',46,0,NULL),(262,'Photograph by travelching','/image/message_pic/tumblr_nnag67CQsT1tv6p8lo1_500.jpg','2015-05-10 18:49:59',47,0,NULL),(263,'Photograph by chapman.ho','/image/message_pic/tumblr_nno1mpnGtg1tv6p8lo1_500.jpg','2015-05-10 18:49:01',48,0,NULL),(264,'Photograph by duncluk','/image/message_pic/tumblr_nnam109Mau1tv6p8lo1_500.jpg','2015-05-10 18:49:02',49,0,NULL),(265,'Photograph by joffyh','/image/message_pic/tumblr_nnatpvJ0WT1tv6p8lo1_500.jpg','2015-05-10 18:49:12',50,0,NULL),(266,'Photograph by ychauxx','/image/message_pic/tumblr_nnarumFpg51tv6p8lo1_500.jpg','2015-05-10 18:49:12',31,0,NULL),(267,'Photograph by y.tim.w','/image/message_pic/tumblr_nnav5j1gyA1tv6p8lo1_500.jpg','2015-05-10 18:49:12',32,0,NULL),(268,'Photograph by ilnur.hkg','/image/message_pic/tumblr_nnb3meX8t61tv6p8lo1_500.jpg','2015-05-10 18:49:12',33,0,NULL),(269,'Photograph by philly7c','/image/message_pic/tumblr_nn5pojJHVm1tv6p8lo1_500.jpg','2015-05-10 18:49:12',34,0,NULL),(270,'Photograph by robertkits1973','/image/message_pic/tumblr_nn5mrv8jC21tv6p8lo1_500.jpg','2015-05-10 18:49:12',35,0,NULL),(271,'Photograph by kvdenn','/image/message_pic/tumblr_nn5mruzc8v1tv6p8lo1_500.jpg','2015-05-10 18:49:12',36,0,NULL),(272,'Photograph by desmondkylam','/image/message_pic/tumblr_nn5o8xvCAa1tv6p8lo1_500.jpg','2015-05-10 18:49:12',37,0,NULL),(273,'日本','/image/message_pic/tumblr_noauj5WOQV1sgzmqvo1_500.jpg','2015-05-10 18:49:12',38,0,NULL),(274,'Bienvenue! ','/image/message_pic/tumblr_noaqg00qBq1u5z1nwo1_500.jpg','2015-05-10 18:49:12',39,0,NULL),(275,'The amazing street in Tokyo by HansonMao #SocialFoto','/image/message_pic/tumblr_noavl8v0ck1s3jo9co1_500.jpg','2015-05-10 18:49:12',40,0,NULL),(276,'here is the most beautiful place I ever been','/image/message_pic/tumblr_nobfh9SSwe1u5z1nwo1_500.jpg','2015-05-10 18:49:12',41,0,NULL),(277,'here is the most beautiful place I ever been','/image/message_pic/tumblr_nobfeiQ1nw1u5z1nwo1_500.jpg','2015-05-10 18:49:12',42,0,NULL),(278,'amazing','/image/message_pic/tumblr_nob3xsUGcD1u5z1nwo1_500.jpg','2015-05-10 18:49:47',43,0,NULL),(279,'amazing sunset','/image/message_pic/tumblr_nob26nKuMa1u5z1nwo1_500.jpg','2015-05-11 18:49:46',44,0,NULL),(280,'Seoul: Samcheong-dong','/image/message_pic/tumblr_nob4h7Qr9h1qzyprdo1_1280.jpg','2015-05-07 18:49:47',45,0,NULL),(281,'Seoul: Bongeunsa Temple','/image/message_pic/tumblr_nod193vEFf1qzyprdo1_1280.jpg','2015-05-10 18:39:10',46,0,NULL),(282,'Pizza','/image/message_pic/tumblr_nob4haxDsm1qzyprdo1_1280.jpg','2015-05-10 18:49:11',47,0,NULL),(283,'IMG_4260','/image/message_pic/tumblr_nob4h92Qfp1qzyprdo1_1280.jpg','2015-05-10 18:49:20',48,0,NULL),(284,'Seoul: Seolleung Royal Tombs','/image/message_pic/tumblr_nob4h62HJt1qzyprdo1_1280.jpg','2015-05-10 18:49:24',49,0,NULL),(285,'Blossoms','/image/message_pic/tumblr_no9ag9bacU1qzyprdo1_1280.jpg','2015-05-10 18:49:26',50,0,NULL),(286,'Seoul: Seokchon Lake','/image/message_pic/tumblr_no9ag8lQ9P1qzyprdo1_1280.jpg','2015-05-10 18:49:28',31,0,NULL),(287,'IMG_3577','/image/message_pic/tumblr_no9ag7DWP71qzyprdo1_1280.jpg','2015-05-10 18:49:12',32,0,NULL),(288,'DSCF5249','/image/message_pic/tumblr_no7itwlnK41qzyprdo1_1280.jpg','2015-05-10 18:49:40',33,0,NULL),(289,'DSCF5062','/image/message_pic/tumblr_no7itvzC7K1qzyprdo1_1280.jpg','2015-05-10 18:49:41',34,0,NULL),(290,'DSCF5273','/image/message_pic/tumblr_no7ituPeSe1qzyprdo1_1280.jpg','2015-05-10 18:49:42',35,0,NULL),(291,'IMG_4013','/image/message_pic/tumblr_no7ituFif51qzyprdo1_1280.jpg','2015-05-10 18:49:43',36,0,NULL),(292,'IMG_3258','/image/message_pic/tumblr_no3sj2aPEl1qzyprdo1_1280.jpg','2015-05-10 18:49:44',37,0,NULL),(293,'DSCF5459','/image/message_pic/tumblr_no3rqhIdys1qzyprdo1_1280.jpg','2015-05-10 18:49:45',38,0,NULL),(294,'Seoul: Samcheong-dong','/image/message_pic/ptumblr_no21ul1Bw91qzyprdo1_1280.jpg','2015-05-10 18:49:12',39,0,NULL),(295,'Seoul: The Han River','/image/message_pic/tumblr_no21ukL4vy1qzyprdo1_1280.jpg','2015-05-10 18:49:12',40,0,NULL),(296,'IMG_3543','/image/message_pic/tumblr_no2127pgQF1qzyprdo1_1280.jpg','2015-05-10 18:49:12',41,0,NULL),(297,'DSCF5195','/image/message_pic/tumblr_no2127s3oh1qzyprdo1_1280.jpg','2015-05-10 18:49:12',42,0,NULL),(298,'IMG_3627','/image/message_pic/tumblr_no2126SdoW1qzyprdo1_1280.jpg','2015-05-10 18:49:12',43,0,NULL),(299,'IMG_4056','/image/message_pic/tumblr_nny6ecnN0B1qzyprdo1_1280.jpg','2015-05-10 18:49:12',44,0,NULL),(300,'DSCF5263','/image/message_pic/tumblr_nny6e3gz391qzyprdo1_1280.jpg','2015-05-10 18:49:12',45,0,NULL),(301,'DSCF5120','/image/message_pic/tumblr_nny6dyY0mZ1qzyprdo1_1280.jpg','2015-05-10 18:49:12',46,0,NULL),(302,'IMG_3659','/image/message_pic/tumblr_nny6dtgTte1qzyprdo1_1280.jpg','2015-05-10 18:49:12',47,0,NULL),(303,'Seoul: Cheonggyecheon','/image/message_pic/tumblr_nnwc71E8p91qzyprdo1_1280.jpg','2015-05-10 18:49:12',48,0,NULL),(304,'Seoul: Samcheong-dong','/image/message_pic/tumblr_nnugqwWI2k1qzyprdo1_1280.jpg','2015-05-10 18:49:12',49,0,NULL),(305,'Downtown Seoul','/image/message_pic/tumblr_nnugqviFi41qzyprdo1_1280.jpg','2015-05-10 18:49:12',50,0,NULL),(306,'Seoul: Seochon Lake','/image/message_pic/tumblr_nnugquyIJC1qzyprdo1_1280.jpg','2015-05-10 18:49:12',31,0,NULL),(307,'Lotte World Mall: The Sky Bridge','/image/message_pic/tumblr_nnsnz22msi1qzyprdo1_1280.jpg','2015-05-10 18:49:12',32,0,NULL),(308,'IMG_3621','/image/message_pic/tumblr_nnsnz0jRNV1qzyprdo1_1280.jpg','2015-05-10 18:49:12',33,0,NULL),(309,'DSCF5244','/image/message_pic/tumblr_nnqv2e1oqq1qzyprdo1_1280.jpg','2015-05-10 18:49:12',34,0,NULL),(310,'liberty','/image/message_pic/tumblr_nodd51wvOQ1rlt5o0o1_500.jpg','2015-05-10 18:49:12',35,0,NULL),(311,'Niamh','/image/message_pic/tumblr_nnmijveYWE1soojiro1_500.jpg','2015-05-10 18:49:12',36,0,NULL),(312,'Welcome TO Nerja','/image/message_pic/tumblr_no2oa0GdKh1tqa5kho1_1280.jpg','2015-05-10 18:49:12',37,0,NULL),(313,'Beach time.','/image/message_pic/tumblr_nnnrevvr5B1tqa5kho1_1280.jpg','2015-05-10 18:49:12',38,0,NULL),(314,'Welcome TO Nerja','/image/message_pic/tumblr_nnkscqV1Zn1tqa5kho1_1280.jpg','2015-05-10 18:49:12',39,0,NULL),(315,'Welcome TO Nerja','/image/message_pictumblr_nnb9ppJfhx1tqa5kho1_1280.jpg','2015-05-10 18:49:12',40,0,NULL),(316,'Welcome TO Nerja','/image/message_pic/tumblr_nn1yu5sxy11tqa5kho1_1280.jpg','2015-05-10 18:49:12',41,0,NULL),(317,'Welcome TO Nerja','/image/message_pic/ptumblr_nmzu0xfll01tqa5kho1_1280.jpg','2015-05-10 18:49:12',42,0,NULL),(318,'Welcome TO Nerja','/image/message_pic/tumblr_nmosii2wNW1tqa5kho1_1280.jpg','2015-05-10 18:49:12',43,0,NULL),(319,'Welcome TO Nerja','/image/message_pic/tumblr_nm682yuqB21tqa5kho1_1280.jpg','2015-05-10 18:49:12',44,0,NULL),(320,'Welcome TO Nerja','/image/message_pic/tumblr_nm2g7sRdqT1tqa5kho1_1280.jpg','2015-05-10 18:49:12',45,0,NULL),(321,'Welcome TO Nerja','/image/message_pic/tumblr_nm1kg7pGUS1tqa5kho1_1280.jpg','2015-05-10 18:49:12',46,0,NULL),(322,'Welcome TO Nerja','/image/message_pic/tumblr_nlk9x2IDur1tqa5kho1_1280.jpg','2015-05-10 18:49:12',47,0,NULL),(323,'Welcome TO Nerja','/image/message_pic/tumblr_nlf6fp8vlh1tqa5kho1_1280.jpg','2015-05-10 18:49:12',48,0,NULL),(324,'Welcome TO Nerja','/image/message_pic/tumblr_nled5tGa7i1tqa5kho1_1280.jpg','2015-05-10 18:49:12',49,0,NULL),(325,'Malaga from the Air ','/image/message_pic/tumblr_nkpuinYBsh1sdmbk5o1_1280.jpg','2015-05-10 18:49:12',50,0,NULL),(326,'Welcome TO Nerja','/image/message_pic/tumblr_nlb4rkEwkt1tqa5kho1_1280.jpg','2015-05-10 18:49:12',31,0,NULL),(327,'Welcome TO Nerja','/image/message_pic/tumblr_nl3813Q6Z41tqa5kho1_1280.jpg','2015-05-10 18:49:12',32,0,NULL),(328,'Welcome TO NerjaWelcome TO Nerja','/image/message_pic/tumblr_nl0bmlXRim1tqa5kho1_1280.jpg','2015-05-10 18:49:12',33,0,NULL),(329,'Welcome TO Nerja','/image/message_pic/tumblr_nku0oi9jhh1tqa5kho1_1280.jpg','2015-05-10 18:49:12',34,0,NULL),(330,'Welcome TO Nerja','/image/message_pic/tumblr_nkkxmmT5qB1tqa5kho1_1280.jpg','2015-05-10 18:49:12',35,0,NULL),(331,'Welcome TO Nerja','/image/message_pic/tumblr_n00bllqZnY1tqa5kho1_1280.jpg','2015-05-10 18:49:12',36,0,NULL),(332,'Are you looking for a unique experience in your next holidays?','/image/message_pic/tumblr_mzshphcTcx1tqa5kho1_1280.jpg','2015-05-10 18:49:12',37,0,NULL),(333,'valencia','/image/message_pic/tumblr_nodk54XWwb1rz1st5o1_1280.jpg','2015-05-10 18:49:12',38,0,NULL),(334,'20 Reasons to Drop Everything and Go to Spain.','/image/message_pic/tumblr_mzsf2lCjn71tqa5kho1_1280.jpg','2015-05-10 18:49:12',39,0,NULL),(335,'MÁLAGA EN FITUR 2014.','/image/message_pic/tumblr_mzs4rxeFzg1tqa5kho1_1280.jpg','2015-05-10 18:49:12',40,0,NULL),(336,'Welcome to Nerja recomienda este video:','/image/message_pic/tumblr_mzs3t3flSD1tqa5kho1_1280.jpg','2015-05-10 18:49:12',41,0,NULL),(337,'Here’s a few different waterfalls from a recent outing to the Pictured Rocks National Lakeshore in Munising','/image/message_pic/tumblr_no58ho8NOO1spmjh5o1_500.jpg','2015-05-10 18:49:12',42,0,NULL),(338,'The pristine, aqua-colored water of Lake Superior has returned with the departure of the ice','/image/message_pic/tumblr_nnhairpsdf1spmjh5o1_500.jpg','2015-05-10 18:49:12',43,0,NULL),(339,'I photographed this scene this evening here in the U.P. of Michigan. ','/image/message_pic/tumblr_nn6s4i6B4h1spmjh5o1_500.jpg','2015-05-10 18:49:12',44,0,NULL),(340,'Last night’s impressive Northern Lights display from Michigan’s Upper Peninsula. ','/image/message_pic/tumblr_nmwir8Rf791spmjh5o1_500.jpg','2015-05-10 18:49:12',45,0,NULL),(341,'Last evening’s view of the abandoned Lower Harbor Ore Dock in Marquette','/image/message_pic/tumblr_nmsullKtTr1spmjh5o1_500.jpg','2015-05-10 18:49:12',46,0,NULL),(342,'Last evening’s bright moon lighting up Lake Superior and the icy shoreline in Marquette, Michigan. ','/image/message_pic/tumblr_nm8fp5k6gu1spmjh5o1_500.jpg','2015-05-10 18:49:12',47,0,NULL),(343,'Yesterday morning’s view of the Lake Superior shoreline at the Marquette Harbor Lighthouse in Marquette','/image/message_pic/tumblr_nm4rmhHalu1spmjh5o1_500.jpg','2015-05-10 18:49:12',48,0,NULL),(344,'Stunning clouds and a chilly morning lead me to the Lake Superior shoreline today to photograph the sky','/image/message_pic/tumblr_nlwhjrXdww1spmjh5o2_500.jpg','2015-05-10 18:49:12',49,0,NULL),(345,'A couple recent photos of some waterfalls in the central Upper Peninsula of Michigan. ','/image/message_pic/tumblr_nlqidoJ2Si1spmjh5o2_500.jpg','2015-05-10 18:49:12',50,0,NULL),(346,'Winter Coat by Aerial Photography','/image/message_pic/tumblr_nny284SUFu1u5sz9po1_1280.jpg','2015-05-10 18:49:12',31,0,NULL),(347,'All Dressed in White by Damian_Ward','/image/message_pic/tumblr_nni7kjmuDz1u5sz9po1_1280.jpg','2015-05-10 18:49:12',32,0,NULL),(348,'Pines by Vaeltaja','/image/message_pic/tumblr_nni7kfHyIy1u5sz9po1_500.jpg','2015-05-10 18:49:12',33,0,NULL),(349,'Feldberg Sonnenaufgang ','/image/message_pic/tumblr_nni7svuCMb1u5sz9po1_1280.jpg','2015-05-10 18:49:12',34,0,NULL),(350,'Good Morning from Alaska','/image/message_pic/tumblr_nni7zxBJ8Z1u5sz9po1_1280.jpg','2015-05-10 18:49:12',35,0,NULL),(351,'Sunrise at Llyn Geirionydd','/image/message_pic/tumblr_nni7sxMIta1u5sz9po1_1280.jpg','2015-05-10 18:49:12',36,0,NULL),(352,'Cold Skeletons by Tore Thiis Fjeld','/image/message_pic/tumblr_nni7stoZV71u5sz9po1_1280.jpg','2015-05-10 18:49:12',37,0,NULL),(353,'Convergence by TheFella','/image/message_pic/tumblr_nni7srfpuF1u5sz9po1_1280.jpg','2015-05-10 18:49:12',38,0,NULL),(354,'by Svein Nordrum','/image/message_pic/tumblr_nni7sqiWr01u5sz9po1_1280.jpg','2015-05-10 18:49:12',39,0,NULL),(355,'Winter morning on Alps','/image/message_pic/ptumblr_nni7kgGdHa1u5sz9po1_1280.jpg','2015-05-10 18:49:12',40,0,NULL),(356,'Hoar Frost - Glenquaich by angus clyne','/image/message_pic/tumblr_nni7kc7fqP1u5sz9po1_1280.jpg','2015-05-10 18:49:12',41,0,NULL),(357,'Aurora borealis by totheforest','/image/message_pic/tumblr_nni7kdUsxk1u5sz9po1_1280.jpg','2015-05-10 18:49:12',42,0,NULL),(358,'Winter Beckons','/image/message_pic/tumblr_nni7ke09ko1u5sz9po1_1280.jpg','2015-05-10 18:49:12',43,0,NULL),(359,'Road to the Hills by Random Photos by Paul G','/image/message_pic/tumblr_nni7ki6KPx1u5sz9po1_1280.jpg','2015-05-10 18:49:12',44,0,NULL),(360,'December by Tore Thiis Fjeld','/image/message_pic/tumblr_nni7snmE1L1u5sz9po1_1280.jpg','2015-05-10 18:49:12',45,0,NULL),(361,'Winter Is Coming by Julicious Photography','/image/message_pic/tumblr_nni7spuhcm1u5sz9po1_1280.jpg','2015-05-10 18:49:12',46,0,NULL),(362,'Cold Morning Landscape ','/image/message_pic/tumblr_nni7ssnftW1u5sz9po1_1280.jpg','2015-05-10 18:49:12',47,0,NULL),(363,'Northern Lights in Alaska by Critter Seeker','/image/message_pic/ptumblr_nni7swW2UI1u5sz9po1_1280.jpg','2015-05-10 18:49:12',48,0,NULL),(364,'Above the Clouds by andywon ','/image/message_pic/tumblr_nni7sysGn31u5sz9po1_1280.jpg','2015-05-10 18:49:12',49,0,NULL),(365,'winter wonderland by H o g n e','/image/message_pic/tumblr_nni84yxnkW1u5sz9po1_1280.jpg','2015-05-10 18:49:12',50,0,NULL),(366,'The Winter Wood by Russ Barnes Photography','/image/message_pic/tumblr_nni84zEKZg1u5sz9po1_1280.jpg','2015-05-10 18:49:12',31,0,NULL),(367,'Dawn 130408 F306 by PeteHuu','/image/message_pic/tumblr_nni70sKvwa1u5sz9po1_1280.jpg','2015-05-10 18:49:12',32,0,NULL),(368,'Hiding moon 130228 F301 by PeteHuu','/image/message_pic/tumblr_nni70tOcFN1u5sz9po1_1280.jpg','2015-05-10 18:49:12',33,0,NULL),(369,'Aurora Borealis by marceloquinan','/image/message_pic/tumblr_nnhq5kLi7q1u5sz9po1_1280.jpg','2015-05-10 18:49:12',34,0,NULL),(370,'Aurora Borealis by marceloquinan','/image/message_pic/ptumblr_nnhq5leExg1u5sz9po1_1280.jpg','2015-05-10 18:49:12',35,0,NULL),(371,'Fisherman’s house by marceloquinan','/image/message_pic/tumblr_nnhq5mhFTw1u5sz9po1_1280.jpg','2015-05-10 18:49:12',36,0,NULL),(372,'Sister Winter by Kjers.','/image/message_pic/tumblr_nnhic1hQ5e1u5sz9po1_1280.jpg','2015-05-10 18:49:12',37,0,NULL),(373,'Red silhouette by cbrute','/image/message_pic/tumblr_nnhic0OWAU1u5sz9po1_1280.jpg','2015-05-10 18:49:12',38,0,NULL),(374,'Granite by cbrutel','/image/message_pic/tumblr_nnhq17bZb01u5sz9po1_1280.jpg','2015-05-10 18:49:12',39,0,NULL),(375,'Winter Landscape by norjam8','/image/message_pic/tumblr_nnhic3O8lk1u5sz9po1_1280.jpg','2015-05-10 18:49:12',40,0,NULL),(376,'Winter Blues by dbushue','/image/message_pic/tumblr_nnhic6BrS91u5sz9po1_1280.jpg','2015-05-10 18:49:12',41,0,NULL),(377,'Milton Pond boat and jetty by Wytchwood','/image/message_pic/tumblr_nnep06dFOF1u5sz9po1_1280.jpg','2015-05-10 18:49:12',42,0,NULL),(378,'We Three Kings by davebrosha','/image/message_pic/tumblr_nnep08eMGW1u5sz9po1_1280.jpg','2015-05-10 18:49:12',43,0,NULL),(379,'Sol de invierno by una cierta mirada','/image/message_pic/tumblr_nnep09xXxl1u5sz9po1_1280.jpg','2015-05-10 18:49:12',44,0,NULL),(380,'20 Years Of Winter by Jurjen Harmsma Photography ','/image/message_pic/tumblr_nnep0aFn7W1u5sz9po1_1280.jpg','2015-05-10 18:49:12',45,0,NULL),(381,'Winter Sunset (EXPLORED) by Wojtek Toman','/image/message_pic/tumblr_nnep0bCEn81u5sz9po1_1280.jpg','2015-05-10 18:49:12',46,0,NULL),(382,'Aurora Explosion - Þingvellir','/image/message_pic/tumblr_nnep0cgqaF1u5sz9po1_1280.jpg','2015-05-10 18:49:12',47,0,NULL),(383,'Sprinkled with Snow - Red Rock Canyon, Las Vegas, Nevada by D Breezy','/image/message_pic/tumblr_nnep0fZ2a41u5sz9po1_1280.jpg','2015-05-10 18:49:12',48,0,NULL),(384,'Boxing Day Morning by PetterPhoto','/image/message_pic/tumblr_nnep0hnpiS1u5sz9po1_1280.jpg','2015-05-10 18:49:12',49,0,NULL),(385,'The northern light troll by Arnar Bergur','/image/message_pic/tumblr_nnep0izlcU1u5sz9po1_1280.jpg','2015-05-10 18:49:12',50,0,NULL),(386,'Painted Sky by Gatria','/image/message_pic/tumblr_nnep0jNg061u5sz9po1_1280.jpg','2015-05-10 18:49:12',31,0,NULL),(387,'Northern Lights in Helligvær by kaimp','/image/message_pic/tumblr_nnep0kMIW71u5sz9po1_1280.jpg','2015-05-10 18:49:12',32,0,NULL),(388,'Aurora Borealis by PhiiiiiiiL','/image/message_pic/tumblr_nnep0l2eKG1u5sz9po1_1280.jpg','2015-05-10 18:49:12',33,0,NULL),(389,'Planet X [Explored] by Norseman1968','/image/message_pic/tumblr_nnep0mjOIN1u5sz9po1_1280.jpg','2015-05-10 22:49:12',34,0,NULL),(390,'FXS_1723s by savillent','/image/message_pic/tumblr_nnep0o2Nu61u5sz9po1_1280.jpg','2015-05-10 23:49:12',35,0,NULL),(391,'Crack in the Ice [Explored] by Norseman1968','/image/message_pic/tumblr_nnep0qEaeT1u5sz9po1_1280.jpg','2015-05-10 18:01:12',36,0,NULL),(392,'Iceland by olgeir','/image/message_pic/tumblr_nnep0r9rTc1u5sz9po1_1280.jpg','2015-05-10 18:49:12',37,0,NULL),(393,'Landscape Winter Snow by blmiers2','/image/message_pic/tumblr_nnem3w5avu1u5sz9po1_1280.jpg','2015-05-10 18:49:12',38,0,NULL),(394,'Deep Winter in Kiev by Stuck ','/image/message_pic/tumblr_nnem3x3xAO1u5sz9po1_1280.jpg','2015-05-10 18:49:12',39,0,NULL),(395,'Spring today ?','/image/message_pic/tumblr_nnen96PYNm1u5sz9po1_1280.jpg','2015-05-10 18:49:12',40,0,NULL),(396,'gloom by Sergey S Ponomarev','/image/message_pic/ptumblr_nnen98gwwR1u5sz9po1_1280.jpg','2015-05-10 18:49:12',41,0,NULL),(397,'a promise by Sergey S Ponomarev','/image/message_pic/tumblr_nnen99kEEb1u5sz9po1_1280.jpg','2015-05-10 18:49:16',42,0,NULL),(398,'Good Morning Switzerland by PhiiiiiiiL','/image/message_pic/tumblr_nnen9ash551u5sz9po1_500h.jpg','2015-05-10 08:49:15',43,0,NULL),(399,'hollow rock sunrise - lake superior - north shore minnesota by Dan Anderson','/image/message_pic/tumblr_nnen9cNwB51u5sz9po1_1280.jpg','2015-03-10 18:49:12',44,0,NULL),(400,'Early tones 130115 F217 by PeteHuu','/image/message_pic/tumblr_nnen9dH5Cy1u5sz9po1_1280.jpg','2015-05-20 18:49:10',45,0,NULL),(401,'Ursa | Jökulsárlón, Iceland by v on life','/image/message_pic/tumblr_nnen9e5nLj1u5sz9po1_1280.jpg','2013-05-10 18:49:12',46,0,NULL),(402,'Sunset 120210 F183 by PeteHuu','/image/message_pic/tumblr_nnen9gI3kD1u5sz9po1_1280.jpg','2014-05-10 18:49:12',47,0,NULL),(403,'Just frozen sea 120131 F162 by PeteHuu','/image/message_pic/ptumblr_nnen9hQCju1u5sz9po1_1280.jpg','2015-05-10 18:49:12',48,0,NULL),(404,'Wintry morning on sea ice 110220 F153 by PeteHu','/image/message_pic/tumblr_nnen9lNGPg1u5sz9po1_1280.jpg','2015-05-10 18:44:12',49,0,NULL),(405,'Drammens Fjord In January by B.AA.S','/image/message_pic/tumblr_nnen9mxvYY1u5sz9po1_1280.jpg','2015-05-10 18:39:12',50,0,NULL),(406,'Golf in the Blue Hour by angus clyne','/image/message_pic/tumblr_nnen9nR2PJ1u5sz9po1_1280.jpg','2015-05-10 18:49:12',31,0,NULL),(407,'Meltwater, Hertfordshire by flatworldsedge','/image/message_pic/tumblr_nnen9pfa5u1u5sz9po1_1280.jpg','2015-05-10 22:29:12',32,0,NULL),(408,'Brabants winterlandschap 2010','/image/message_pic/tumblr_nnen9q8T8k1u5sz9po1_1280.jpg','2015-05-10 15:49:12',33,0,NULL),(409,'Winter Wonderland in Munich by Werner Kunz','/image/message_pic/tumblr_nnen9sOy4x1u5sz9po1_1280.jpg','2015-05-10 11:49:12',34,0,NULL),(410,'Badwater Unerwater Moonset, Badwater Salt Flats, Death Valley, CA by D Breezy','/image/message_pic/tumblr_nnen9tugDW1u5sz9po1_500.jpg','2015-05-10 08:29:12',35,0,NULL),(411,'Moulin - Sundog by angus clyne','/image/message_pic/tumblr_nnen9uXvWO1u5sz9po1_500.jpg','2015-05-10 10:49:12',36,0,NULL),(412,'I’ve reached the end of the world by Stuck in Customs','/image/message_pic/tumblr_nnen9y9Kk81u5sz9po1_1280.jpg','2015-05-10 18:09:12',37,0,NULL),(413,'Setting Sun Ignites Water (Prayers for the Boston Marathon Bombing Victims','/image/message_pic/tumblr_nneo8qRVqb1u5sz9po1_1280.jpg','2015-05-10 18:49:12',38,0,NULL),(414,'A streak of pink by Matthias Lehnecke','/image/message_pic/tumblr_nneo8sgUrX1u5sz9po1_1280.jpg','2015-05-10 18:49:12',39,0,NULL),(415,'Afternoon clouds 130105 F312 by PeteHuu','/image/message_pic/tumblr_nneo8trU4Q1u5sz9po1_1280.jpg','2015-05-10 18:49:12',40,0,NULL),(416,'Sun Dog Sunday by manywinters','/image/message_pic/tumblr_nneo8uOgr01u5sz9po1_1280.jpg','2015-05-10 18:49:12',41,0,NULL),(417,'Winter woods in snow and mist by Keartona','/image/message_pic/tumblr_nneo8vKV7V1u5sz9po1_1280.jpg','2015-05-10 18:49:12',42,0,NULL),(418,'The way is not in the sky. The way is in the heart','/image/message_pic/tumblr_nneo8wOFrb1u5sz9po1_1280.jpg','2015-05-10 18:49:12',43,0,NULL),(419,'Cloudy morning 120208 F264 by PeteHuu','/image/message_pic/tumblr_nneo8xwCo51u5sz9po1_1280.jpg','2015-05-10 18:49:12',44,0,NULL),(420,'Christmas light 100103 F124 by PeteHuu','/image/message_pic/tumblr_nneo8y0HrG1u5sz9po1_1280.jpg','2015-05-10 18:49:12',45,0,NULL),(421,'Sunrise between ice 110216 F133 by PeteHuu','/image/message_pic/tumblr_nneo8zeh2j1u5sz9po1_1280.jpg','2015-05-10 18:49:12',46,0,NULL),(422,'Running in the Cathedral by Vainsang','/image/message_pic/tumblr_nneo91rAvH1u5sz9po1_1280.jpg','2015-05-10 18:49:12',47,0,NULL),(423,'Natures Dance by dbushue','/image/message_pic/tumblr_nneo92C6qL1u5sz9po1_1280.jpg','2015-05-10 18:49:12',48,0,NULL),(424,'Sand Harbor - Lake Tahoe, NV by JaveFoto','/image/message_pic/tumblr_nneo93YzcM1u5sz9po1_1280.jpg','2015-05-10 18:49:12',49,0,NULL),(425,'Deeper into that January night by Nino.Modugno','/image/message_pic/tumblr_nneo94FFpT1u5sz9po1_1280.jpg','2015-05-10 18:49:12',50,0,NULL),(426,'我们的八国联军外加一个满身是纹身的p导','/image/message_pic/wKgBpU5eQ_2B56iCAAJxvHXceFU46.groupinfo.w600.jpeg','2015-05-10 18:49:12',31,0,NULL),(427,'漫步情人沙滩','/image/message_pic/wKgBpU5eOQeUWkWgAAJgPfEUoxI12.groupinfo.w600.jpeg','2015-05-10 18:49:12',32,0,NULL),(428,'黑白对比','/image/message_pic/wKgBpU5eNfelcUq4AAScvmK7BfE46.groupinfo.w600.jpeg','2015-05-10 18:49:12',33,0,NULL),(429,'燕窝洞很灵','/image/message_pic/wKgBpU5eNI73QyfyAAVHKvOqTPQ58.groupinfo.w600.jpeg','2015-05-10 00:49:12',34,0,NULL),(430,'岛浮潜','/image/message_pic/wKgBpU5eNAe_Ti5TAAHjByxAeEA15.groupinfo.w600.jpeg','2015-05-10 01:49:12',35,0,NULL),(431,'pp岛海很蔚蓝，很清澈很适合潜水','/image/message_pic/wKgBpU5eNBS2vBDFAAEAfc952So68.groupinfo.w600.jpeg','2015-05-10 02:49:12',36,0,NULL),(432,'我们在Koh Panyee用午餐。Koh Panyee中国的游客称之为海上威尼斯','/image/message_pic/wKgBpU5eM3eUzaCJAAKgySohARU84.groupinfo.w600.jpeg','2015-05-10 03:49:12',37,0,NULL),(433,'此岛真的是一块风水宝地，面对浩瀚的大海，背靠一座威风凛凛的大山','/image/message_pic/wKgBpU5zOSf6EjfxAAR0i4xBDyU06.groupinfo.w600.jpeg','2015-05-10 04:49:12',38,0,NULL),(434,'被誉为全岛风景攀牙湾风光最美丽的地方','/image/message_pic/wKgBpU5zOMXU4mTpAAK6CHc1xdc07.groupinfo.w600.jpeg','2015-05-10 05:49:12',39,0,NULL),(435,'攀牙湾位于普吉岛东北角75公里','/image/message_pic/wKgBpU5zOKikSs5BAARIIO6r23A08.groupinfo.w600.jpeg','2015-05-10 06:49:12',40,0,NULL),(436,'其中007岛、钟乳岛石洞更以其天然奇景而著称','/image/message_pic/wKgBpU5zOG_2oO4ZAATxRYfUg6I27.groupinfo.w600.jpeg','2015-05-10 07:49:12',41,0,NULL),(437,'在香蕉船上记录一下','/image/message_pic/wKgBpU5zOaSPu8B7AAMftd3V4H830.groupinfo.w600.jpeg','2015-05-10 08:49:12',42,0,NULL),(438,'攀牙湾最出名的岛屿应该是Koh Ping-Gan 了','/image/message_pic/wKgBpU5zOUrzXabyAAUy_oeZr3w11.groupinfo.w600.jpeg','2015-05-10 09:49:12',43,0,NULL),(439,'我们来到了攀牙湾的割喉岛','/image/message_pic/wKgBpU5eM1Xc2EX0AAFSGcALlsA98.groupinfo.w600.jpeg','2015-05-10 10:49:12',44,0,NULL),(440,'对拍','/image/message_pic/wKgBpU5eMxnPV7FqAAKjepItuoE79.groupinfo.w600.jpeg','2015-05-10 11:49:12',45,0,NULL),(441,'皮划艇和上面的游客都像来自小人国','/image/message_pic/wKgBpU5eMzuNWj7uAANQunkRJCU40.groupinfo.w600.jpeg','2015-05-10 12:49:12',46,0,NULL),(442,'普吉之旅很难忘，在普吉的时光过的非常愉快充实','/image/message_pic/wKgBpU5eSrf0A4tKAALggUq1B8Q88.groupinfo.w600.jpeg','2015-05-10 13:49:12',47,0,NULL),(443,'，在普吉岛，你要习惯给小费，20泰铢起。但千万不要给硬币，在那里给硬币代表你看不起他。切记切记！买东西可以用硬币，所以你也不要担心硬币用不出去','/image/message_pic/wKgBm07tmxfxwwcvAAFjTS5d6KQ81.groupinfo.w600.jpeg','2015-05-10 14:49:12',48,0,NULL),(444,'　普吉岛是个很漂亮的地方，有大大小小数十个岛屿。选择几个漂亮的小岛去就行了，玩都是差不多的。只是看海水是否清澈，热带鱼是否多','/image/message_pic/wKgBm07tkx_gNXVpAAKU8ZpfuMk66.groupinfo.w600.jpeg','2015-05-10 15:49:12',49,0,NULL),(445,'普吉岛','/image/message_pic/wKgBpU5zSf7aLmEJAAFYFts2Y8c67.groupinfo.w600.jpeg','2015-05-10 16:49:12',50,0,NULL),(446,'西藏','/image/message_pic/wKgB6lTHq0OAJbJbAANuJ51v0Ds68.groupinfo.w600.jpeg','2015-05-10 17:49:12',31,0,NULL),(447,'梦幻318','/image/message_pic/wKgB6lTwMI6AflHvAAinsoUG4aA21.groupinfo.w600.jpeg','2015-05-27 19:49:12',32,0,NULL),(448,'看见珠峰的那一刻，我兴奋的大喊：啊~！！！！！！！！！！。那一刻脑子是完全放空的，因为:妈蛋，缺氧了......','/image/message_pic/wKgB6lTwMR2AGZMBAAgAz8DR_vE78.groupinfo.w600.jpeg','2015-05-28 20:49:12',33,0,NULL),(449,'太阳的温度刚刚好，没有灼热的滚烫，亦非阴冷的秋凉。我最想做的事情就是和我身边这个姑娘一起坐在山头上，一边掰着手里的苞米，一边挥挥手告诉她：这块儿鱼塘被我承包了','/image/message_pic/wKgB6lTwHRqALJ0SAAhae2kJxTk33.groupinfo.w600.jpeg','2015-05-29 21:49:12',34,0,NULL),(450,'茶卡—在天空中行走','/image/message_pic/wKgB6lTxRMGAEdrTAAKnWoectIE60.groupinfo.w600.jpeg','2015-05-30 18:49:12',35,0,NULL),(451,'是青海的沃土美？还是我美','/image/message_pic/wKgB6lTHsbyAeHJUAAMvAmf7Z_U62.groupinfo.w600.jpeg','2015-01-10 18:49:12',36,0,NULL),(452,'她就是美，单纯的美','/image/message_pic/wKgB6lTxSciAIkQuAAX59rpgCAs07.groupinfo.w600.jpeg','2015-02-10 18:49:12',37,0,NULL),(453,'青海是我去过，最美的省份','/image/message_pic/wKgB6lTHreWAGXyfAAh6QoNH3UY08.groupinfo.w600.jpeg','2015-03-10 18:49:12',38,0,NULL),(454,'一路向东，探索一个不一样的东北','/image/message_pic/wKgB6lS_ep-AGZwNAAsck_HrkoY71.groupinfo.w600.jpeg','2015-04-10 18:49:12',39,0,NULL),(455,'七星鳗，龙江特产','/image/message_pic/wKgB6lS_i6qAVzWWAA46BY_cDf056.groupinfo.w600.jpeg','2015-06-10 18:49:12',40,0,NULL),(456,'纵然严寒，天地一色','/image/message_pic/wKgB6lS_jJSAJgAcAAwRWhJhoig89.groupinfo.w600.jpeg','2015-07-10 18:49:12',41,0,NULL),(457,' 老道外，是哈尔滨的历史','/image/message_pic/wKgB6lS_g22AFXcZABIa86qoBE895.groupinfo.w600.jpeg','2015-08-10 18:49:12',42,0,NULL),(458,' 松花江在严寒中被冻的结结实实','/image/message_pic/wKgB6lS_hPKAbrarABSKtqXjByA98.groupinfo.w600.jpeg','2015-05-22 18:49:12',43,0,NULL),(459,' 滨州铁路桥，横跨松花江，','/image/message_pic/pwKgB6lS_gJ6ALkv1ABGktWkJ5Ck64.groupinfo.w600.jpeg','2015-05-23 18:49:12',44,0,NULL),(460,'东北印象5: 这也许是华夏最东端的星轨','/image/message_pic/wKgB6lS_gUOAQ3YkABHfqdk7uHk89.groupinfo.w600.jpeg','2015-05-24 18:49:12',45,0,NULL),(461,'彩多元的哈尔滨，是东北最美丽的大城市','/image/message_pic/wKgB6lS_ieGAb2a7ABCua6BYeIQ03.groupinfo.w600.jpeg','2015-05-25 18:49:12',46,0,NULL),(462,'靠山吃山，靠水吃水','/image/message_pic/wKgB6lS_fxyAf5bpABeKkx_mrTM16.groupinfo.w600.jpeg','2015-05-26 18:49:12',47,0,NULL),(463,'雾凇可遇不可求，要说人品好，真的是连续两天都赶上雾凇，要说人品不好，没有一天是大量的，蓝天的。。。','/image/message_pic/wKgB6lS_hzuAN3LqABYx9O4-Gag04.groupinfo.w600.jpeg','2015-05-17 18:49:12',48,0,NULL),(464,'吉林雾凇之旅','/image/message_pic/wKgB6lS_hteAaj2dAAqkyiDrzMM56.groupinfo.w600.jpeg','2015-05-16 18:49:12',49,0,NULL),(465,'一路向东穿越冰雪','/image/message_pic/wKgB6lS_h7GAPojVABUvyNn5p7I36.groupinfo.w600.jpeg','2015-05-18 18:49:12',50,0,NULL),(466,'Today’s waterfalls..','/image/message_pic/tumblr_nmeg3zew6Y1tpof4po1_1280.jpg','2015-05-19 18:49:12',31,0,NULL),(467,'Faxi…','/image/message_pic/tumblr_nmkdrsRxsS1tpof4po1_1280.jpg','2015-05-20 18:49:12',32,0,NULL),(468,'Another beautiful day on the road….','/image/message_pic/tumblr_nn0q9aWVv81tpof4po1_1280.jpg','2015-05-21 18:49:12',33,0,NULL),(469,'Having a blast at Geyser today…','/image/message_pic/tumblr_nn7tewvvqY1tpof4po1_1280.jpg','2015-05-15 18:49:12',34,0,NULL),(470,'At the glacier on a beautiful day…','/image/message_pic/tumblr_nnenoj2WDW1tpof4po1_1280.jpg','2015-05-14 18:49:12',35,0,NULL),(471,'On top of a glacier with Arctic Advanced…','/image/message_pic/tumblr_nnqo1eyUlK1tpof4po1_1280.jpg','2015-05-12 18:49:12',36,0,NULL),(472,'On Top Of E15 (Eyjafjallajökull)','/image/message_pic/tumblr_nnw5y9zBgN1tpof4po1_1280.jpg','2015-05-13 18:49:12',37,0,NULL),(473,'Selfie of the day… Going to the top of glacier on buggy…','/image/message_pic/tumblr_nnwi8am9N01tpof4po1_1280.jpg','2015-05-11 18:49:12',38,0,NULL),(474,'Buggy Adventure in Iceland…. ','/image/message_pic/tumblr_nnwiwcjUKU1tpof4po1_1280.jpg','2015-05-05 18:49:12',39,0,NULL),(475,'If you love your job you never have to work a day in your life…. ','/image/message_pic/tumblr_nnwj07hUIM1tpof4po1_1280.jpg','2015-05-06 18:49:12',40,0,NULL),(476,'Getting ready to snowboard down the glacier','/image/message_pic/tumblr_nnwkgxtevN1tpof4po1_1280.jpg','2015-05-07 18:49:12',41,0,NULL),(477,'Rocky Mountain','/image/message_pic/cgm8072bad8fc25d8856a8759483c8cc74b559.jpg','2015-05-08 18:49:12',42,0,NULL),(478,'瑞士阿尔卑斯山','/image/message_pic/eeaa6854a9dc4433b5c84bf9a41852aa.jpg','2015-05-09 18:49:12',43,0,NULL),(479,'仙境摄影图-瑞士阿尔卑斯山','/image/message_pic/5277454120100519101136031.jpg','2015-05-04 18:49:12',44,0,NULL),(480,'瑞士阿尔卑斯山风景-风景如画的山湖之国瑞士','/image/message_pic/2011719102837-4.jpg','2015-05-03 18:49:12',45,0,NULL),(481,'欧洲 阿尔卑斯山 瑞士 伯恩高地 世界遗产','/image/message_pic/swi7021.jpg','2015-05-02 18:49:12',46,0,NULL),(482,'here is the most beautiful place I ever been','/image/message_pic/u=2880037283,1059650286&fm=21&gp=0.jpg','2015-05-01 18:49:12',47,0,NULL),(483,'阿尔贝斯山好美啊','/image/message_pic/5277454120100519100706066.jpg','2015-05-10 18:49:12',48,0,NULL),(484,'阿尔卑斯山','/image/message_pic/12ebc8ec0f6620897b443e2770f713cb_703x467.jpg','2015-05-10 18:29:12',49,0,NULL),(485,'瑞士阿尔卑斯山','/image/message_pic/5d2a5feb1a524e38bac3702f39811529_R_900_600.jpg','2015-05-10 08:49:12',50,0,NULL),(486,'Haarlem - Netherlands','/image/message_pic/tumblr_nb8zq5i8H01tqfub1o1_500.jpg','2015-05-12 22:49:12',34,0,NULL),(487,'Tallinn - Estonia','/image/message_pic//tumblr_n815szvm131tqfub1o1_500.jpg','2015-05-10 18:49:19',35,0,NULL),(488,'Disneyland - Anaheim - California - USA','/image/message_pic//tumblr_n1i8qgrAQ61tqfub1o1_500.jpg','2015-06-10 18:49:12',36,0,NULL),(489,'Petronas Towers - Kuala Lumpur - Malaysia','/image/message_pic//tumblr_n1cdw3sfgt1tqfub1o1_500.jpg','2014-05-11 18:49:12',36,0,NULL),(490,'Yangshou, Guangxi, China is filled with snaking rivers that all lead to the West River tributary basin. Rent a bicycle & get lost for a day!','/image/message_pic/70d0d123863b461bbde5be0589e197c0.jpg','2015-05-13 18:49:12',37,0,NULL),(497,'test1',NULL,'2015-05-18 22:51:39',1,0,NULL),(498,'test1',NULL,'2015-05-20 09:17:52',1,0,NULL),(501,'77777777777777','/image/message_pic/a31f296d81a01120bda0cd44623_p7_wm43,41_mk7_c800X800.jpg','2015-05-20 12:00:09',1,0,NULL),(502,' 风景很好。。','/image/message_pic/53c3291363330e26acd9e29fd38_p7_wm43,41_mk7_c800X800.jpg','2015-05-20 16:43:02',1,0,NULL);

#
# Structure for table "tag_message"
#

CREATE TABLE `tag_message` (
  `id` int(11) NOT NULL auto_increment,
  `message_id` int(11) default NULL,
  `tag_id` int(11) default NULL,
  PRIMARY KEY  (`id`),
  KEY `FK74782C629751F685` (`tag_id`),
  KEY `FK74782C62446D05E5` (`message_id`),
  CONSTRAINT `FK74782C62446D05E5` FOREIGN KEY (`message_id`) REFERENCES `message` (`message_id`),
  CONSTRAINT `FK74782C629751F685` FOREIGN KEY (`tag_id`) REFERENCES `tag` (`tag_id`)
) ENGINE=InnoDB DEFAULT CHARSET=utf8 COLLATE=utf8_bin;

#
# Data for table "tag_message"
#

REPLACE INTO `tag_message` VALUES (1,1,1),(2,2,1),(3,3,1),(4,4,1),(5,5,1),(6,6,1),(7,7,1),(8,8,1),(9,9,1),(10,10,3),(11,11,2),(12,10,2),(13,10,1),(14,1,2),(15,2,3),(16,3,3),(17,6,2),(18,8,3),(19,11,4),(20,1,4),(21,1,7),(22,2,7),(23,146,36),(24,147,268),(25,147,264),(26,147,265),(27,148,36),(28,148,246),(29,148,266),(30,149,268),(31,149,262),(32,149,7),(33,150,36),(34,150,246),(35,150,264),(36,151,36),(37,151,265),(38,151,266),(39,151,267),(40,152,79),(41,152,1),(42,152,262),(43,152,269),(44,153,74),(45,153,270),(46,153,265),(47,153,257),(48,154,138),(49,154,271),(50,154,3),(51,154,246),(52,155,75),(53,155,262),(54,155,272),(55,155,2),(56,156,79),(57,156,1),(58,157,79),(59,157,1),(60,157,7),(61,157,262),(62,158,81),(63,158,264),(64,158,265),(65,159,75),(66,159,257),(67,159,3),(68,160,54),(69,160,246),(70,161,75),(71,161,262),(72,161,7),(73,161,3),(74,161,271),(75,162,54),(76,162,265),(77,162,257),(78,163,54),(79,163,246),(80,163,265),(81,164,75),(82,164,272),(83,164,257),(84,165,67),(85,165,265),(86,165,264),(87,166,36),(88,166,265),(89,166,246),(90,486,30),(91,486,246),(92,486,264),(93,167,79),(94,167,273),(95,167,265),(96,168,36),(97,168,265),(98,168,266),(99,169,60),(100,169,264),(101,169,265),(102,170,81),(103,170,274),(104,170,1),(105,170,265),(106,171,36),(107,171,265),(108,171,246),(109,172,138),(110,172,265),(111,172,246),(112,173,81),(113,173,236),(114,173,1),(115,173,7),(116,174,79),(117,174,265),(118,174,246),(119,174,257),(120,175,138),(121,175,256),(122,175,265),(123,175,264),(124,176,67),(125,176,246),(126,176,265),(127,176,257),(128,177,67),(129,177,248),(130,177,246),(131,177,265),(132,178,81),(133,178,1),(134,178,264),(135,178,272),(136,178,273),(137,179,81),(138,179,264),(139,179,265),(140,179,275),(141,180,81),(142,180,270),(143,180,275),(144,180,265),(145,181,81),(146,181,275),(147,181,265),(148,181,272),(149,182,140),(150,182,271),(151,182,264),(152,182,262),(153,183,140),(154,183,1),(155,183,276),(156,183,236),(157,184,140),(158,184,246),(159,184,265),(160,184,264),(161,185,42),(162,185,1),(163,185,246),(164,185,265),(165,487,168),(166,487,270),(167,487,265),(168,487,246),(169,186,42),(170,186,1),(171,186,265),(172,186,273),(173,187,60),(174,187,246),(175,187,265),(176,188,42),(177,188,246),(178,188,265),(179,188,265),(180,188,248),(181,188,276),(182,189,270),(183,189,246),(184,189,265),(185,189,257),(186,190,168),(187,190,246),(188,190,265),(189,190,257),(190,190,264),(191,191,36),(192,191,266),(193,191,270),(194,191,265),(195,192,20),(196,192,246),(197,192,265),(198,193,36),(199,193,1),(200,193,265),(201,194,24),(202,194,1),(203,194,273),(204,194,274),(205,194,271),(206,194,265),(207,195,177),(208,195,1),(209,195,271),(210,196,277),(211,196,265),(212,196,257),(213,197,36),(214,197,1),(215,197,274),(216,197,265),(217,197,276),(218,198,49),(219,198,1),(220,198,236),(221,198,262),(222,198,7),(223,199,67),(224,199,270),(225,199,265),(226,199,246),(227,199,257),(228,200,36),(229,200,1),(230,200,246),(231,200,265),(232,201,267),(233,201,271),(234,201,278),(235,201,2),(236,202,1),(237,202,236),(238,202,36),(239,202,275),(240,202,272),(241,203,36),(242,203,272),(243,203,265),(244,203,264),(245,204,67),(246,204,265),(247,204,278),(248,205,36),(249,205,246),(250,205,265),(251,488,36),(252,488,267),(253,488,276),(254,488,248),(255,488,249),(256,206,30),(257,206,275),(258,206,270),(259,206,257),(260,207,87),(261,207,275),(262,207,279),(263,208,257),(264,208,279),(265,208,59),(266,209,154),(267,209,276),(268,209,278),(269,209,7),(270,209,262),(271,489,87),(272,489,265),(273,489,246),(274,210,36),(275,210,246),(276,210,264),(277,210,265),(278,211,36),(279,211,262),(280,211,3),(281,212,36),(282,212,246),(283,212,264),(284,17,7),(285,213,138),(286,213,246),(287,213,274),(288,213,276),(289,214,14),(290,214,1),(291,214,276),(292,215,81),(293,215,1),(294,215,246),(295,215,265),(296,215,257),(297,216,49),(298,216,94),(299,216,1),(300,216,276),(301,217,36),(302,217,1),(303,217,273),(304,217,272),(305,218,138),(306,218,246),(307,218,265),(308,219,138),(309,219,246),(310,219,265),(311,220,136),(312,220,275),(313,220,279),(314,220,265),(315,221,136),(316,221,1),(317,221,276),(318,221,274),(319,221,272),(320,222,138),(321,222,246),(322,222,265),(323,222,1),(324,222,271),(325,222,236),(326,223,7),(327,223,262),(328,223,36),(329,224,36),(330,224,264),(331,224,265),(332,224,246),(333,225,56),(334,225,265),(335,225,248),(336,490,56),(337,490,278),(338,490,2),(339,490,7),(340,226,56),(341,226,2),(342,226,7),(343,226,275),(344,227,56),(345,227,230),(346,227,257),(347,227,258),(348,228,56),(349,228,207),(350,228,257),(351,229,56),(352,229,7),(353,229,2),(354,229,262),(355,230,56),(356,230,257),(357,231,56),(358,231,248),(359,231,7),(360,231,272),(361,232,56),(362,232,7),(363,233,56),(364,233,275),(365,233,279),(366,233,278),(367,234,56),(368,234,234),(369,234,265),(370,234,246),(371,235,56),(372,235,234),(373,235,1),(374,235,276),(375,235,246),(376,236,234),(377,236,1),(378,236,276),(379,236,246),(380,236,56),(381,237,56),(382,237,246),(383,237,234),(384,238,56),(385,238,234),(386,238,246),(387,238,276),(388,239,56),(389,239,234),(390,239,275),(391,239,265),(392,240,56),(393,240,234),(394,240,265),(395,240,264),(396,241,56),(397,241,234),(398,241,1),(399,241,276),(400,241,274),(401,242,56),(402,242,234),(403,242,1),(404,242,276),(405,242,274),(406,485,2),(407,242,246),(408,485,7),(409,485,198),(410,243,56),(411,244,234),(412,243,265),(413,243,264),(414,244,56),(415,244,234),(416,244,264),(417,245,56),(418,245,234),(419,245,265),(420,484,2),(421,484,7),(422,484,198),(423,246,56),(424,246,234),(425,246,265),(426,246,1),(427,246,276),(428,483,2),(429,483,7),(430,247,56),(431,247,234),(432,483,198),(433,247,1),(434,247,265),(435,247,246),(436,248,56),(437,248,234),(438,248,246),(439,248,265),(440,248,274),(441,249,56),(442,249,234),(443,249,279),(444,250,56),(445,250,234),(446,250,265),(447,250,264),(448,251,56),(449,251,234),(450,251,265),(451,251,2),(452,252,56),(453,252,234),(454,252,1),(455,252,276),(456,252,274),(457,482,2),(458,482,7),(459,482,198),(460,253,56),(461,253,234),(462,253,1),(463,253,276),(464,481,2),(465,253,274),(466,481,7),(467,481,198),(468,254,56),(469,254,234),(470,254,276),(471,254,274),(472,255,56),(473,255,234),(474,255,264),(475,480,2),(476,255,265),(477,480,7),(478,480,198),(479,479,2),(480,479,7),(481,479,198),(482,478,2),(483,256,56),(484,256,234),(485,256,1),(486,478,7),(487,256,272),(488,478,198),(489,257,56),(490,257,234),(491,257,265),(492,257,1),(493,257,274),(494,477,2),(495,477,7),(496,477,198),(497,258,56),(498,258,234),(499,258,264),(500,259,56),(501,259,234),(502,259,265),(503,476,7),(504,476,71),(505,476,244),(506,475,7),(507,475,71),(508,475,244),(509,260,56),(510,260,234),(511,260,265),(512,261,56),(513,261,234),(514,261,1),(515,261,274),(516,261,276),(517,474,7),(518,474,71),(519,262,56),(520,262,234),(521,474,198),(522,262,1),(523,262,276),(524,262,274),(525,262,265),(526,263,56),(527,263,234),(528,263,265),(529,473,7),(530,473,71),(531,263,2),(532,473,244),(533,264,56),(534,264,234),(535,264,265),(536,265,56),(537,472,7),(538,265,234),(539,472,39),(540,265,1),(541,472,244),(542,265,276),(543,265,274),(544,266,56),(545,266,234),(546,266,1),(547,266,265),(548,266,276),(549,471,7),(550,266,274),(551,471,39),(552,471,244),(553,267,56),(554,267,234),(555,267,264),(556,267,265),(557,470,7),(558,268,56),(559,268,234),(560,268,265),(561,470,39),(562,470,244),(563,269,56),(564,269,234),(565,469,39),(566,269,1),(567,469,7),(568,269,276),(569,469,244),(570,269,274),(571,269,265),(572,270,56),(573,270,234),(574,270,265),(575,270,274),(576,468,71),(577,468,7),(578,468,244),(579,271,56),(580,271,234),(581,271,264),(582,271,265),(583,271,246),(584,467,243),(585,270,246),(586,467,7),(587,467,39),(588,272,56),(589,272,234),(590,272,265),(591,272,246),(592,466,243),(593,466,7),(594,466,39),(595,273,82),(596,273,275),(597,273,279),(598,274,2),(599,274,246),(600,274,82),(601,274,248),(602,275,82),(603,275,264),(604,275,275),(605,276,82),(606,276,2),(607,276,243),(608,277,82),(609,277,275),(610,277,248),(611,277,239),(612,277,237),(613,278,82),(614,278,239),(615,278,243),(616,278,275),(617,279,82),(618,279,7),(619,279,1),(620,279,256),(621,280,173),(622,280,264),(623,280,246),(624,281,173),(625,281,257),(626,281,279),(627,282,173),(628,282,280),(629,283,173),(630,283,256),(631,283,266),(632,284,173),(633,284,265),(634,284,246),(635,285,173),(636,285,275),(637,285,256),(638,286,173),(639,286,278),(640,286,275),(641,286,265),(642,287,173),(643,287,275),(644,287,266),(645,288,173),(646,288,264),(647,288,265),(648,288,256),(649,289,173),(650,289,266),(651,289,275),(652,290,173),(653,290,264),(654,290,265),(655,291,173),(656,291,246),(657,292,173),(658,292,246),(659,292,276),(660,293,173),(661,293,275),(662,293,266),(663,294,173),(664,294,264),(665,294,265),(666,294,246),(667,295,173),(668,295,246),(669,295,248),(670,296,173),(671,296,265),(672,296,264),(673,296,275),(674,297,173),(675,297,275),(676,297,266),(677,298,173),(678,298,257),(679,298,279),(680,299,173),(681,299,265),(682,299,246),(683,299,248),(684,300,173),(685,300,265),(686,300,264),(687,301,173),(688,301,266),(689,301,275),(690,302,173),(691,302,266),(692,302,275),(693,303,173),(694,303,246),(695,303,265),(696,303,264),(697,303,248),(698,304,173),(699,304,265),(700,304,264),(701,305,173),(702,305,265),(703,305,264),(704,306,173),(705,306,275),(706,306,266),(707,306,256),(708,307,173),(709,307,265),(710,308,173),(711,307,246),(712,308,265),(713,307,248),(714,308,275),(715,308,248),(716,308,276),(717,309,173),(718,309,265),(719,309,264),(720,310,1),(721,310,246),(722,310,236),(723,310,14),(724,311,236),(725,311,1),(726,311,281),(727,312,81),(728,312,236),(729,312,1),(730,312,276),(731,313,81),(732,313,236),(733,313,264),(734,313,265),(735,313,246),(736,314,81),(737,314,281),(738,314,1),(739,314,276),(740,315,81),(741,315,236),(742,315,281),(743,315,1),(744,316,81),(745,316,236),(746,316,281),(747,317,81),(748,317,236),(749,317,281),(750,318,81),(751,318,1),(752,318,2),(753,318,281),(754,319,81),(755,319,281),(756,319,236),(757,319,1),(758,320,81),(759,320,236),(760,320,1),(761,320,281),(762,321,81),(763,321,236),(764,321,281),(765,321,1),(766,322,81),(767,322,236),(768,322,281),(769,322,1),(770,323,81),(771,323,236),(772,323,281),(773,323,263),(774,324,81),(775,324,2),(776,324,246),(777,325,81),(778,325,7),(779,325,2),(780,325,278),(781,326,81),(782,326,1),(783,326,272),(784,326,276),(785,327,1),(786,327,81),(787,327,236),(788,327,281),(789,328,81),(790,328,1),(791,328,272),(792,329,81),(793,329,246),(794,329,1),(795,330,81),(796,330,1),(797,330,2),(798,331,81),(799,331,1),(800,331,256),(801,332,81),(802,332,1),(803,332,236),(804,332,271),(805,333,81),(806,333,1),(807,333,271),(808,334,81),(809,334,2),(810,334,7),(811,334,4),(812,335,81),(813,335,1),(814,335,271),(815,335,275),(816,336,81),(817,336,1),(818,336,243),(819,336,2),(820,337,36),(821,337,7),(822,337,249),(823,337,256),(824,338,36),(825,338,1),(826,338,256),(827,339,36),(828,339,4),(829,339,7),(830,339,256),(831,340,36),(832,340,256),(833,340,7),(834,341,36),(835,341,7),(836,341,1),(837,342,36),(838,342,7),(839,342,4),(840,343,36),(841,343,7),(842,343,4),(843,344,36),(844,344,4),(845,344,7),(846,344,1),(847,345,36),(848,345,249),(849,345,256),(850,346,39),(851,346,245),(852,346,256),(853,347,39),(854,347,4),(855,347,239),(856,348,39),(857,348,4),(858,348,239),(859,349,39),(860,349,236),(861,349,1),(862,349,271),(863,350,39),(864,350,4),(865,350,239),(866,351,39),(867,351,271),(868,351,278),(869,352,39),(870,352,4),(871,352,7),(872,353,39),(873,353,7),(874,353,4),(875,353,282),(876,354,39),(877,354,4),(878,354,7),(879,355,39),(880,355,2),(881,355,4),(882,355,7),(883,356,39),(884,356,4),(885,356,7),(886,357,39),(887,357,7),(888,357,4),(889,357,282),(890,358,39),(891,358,4),(892,358,7),(893,358,2),(894,358,239),(895,359,39),(896,359,4),(897,359,2),(898,359,7),(899,360,39),(900,360,7),(901,360,4),(902,361,39),(903,361,4),(904,361,7),(905,361,239),(906,362,39),(907,362,4),(908,362,2),(909,363,39),(910,363,7),(911,363,282),(912,364,39),(913,364,4),(914,364,7),(915,364,2),(916,365,39),(917,365,4),(918,365,7),(919,365,239),(920,366,39),(921,366,7),(922,366,239),(923,367,39),(924,367,4),(925,367,282),(926,368,39),(927,368,245),(928,368,239),(929,369,39),(930,369,272),(931,369,282),(932,370,39),(933,370,7),(934,370,282),(935,370,2),(936,371,39),(937,371,2),(938,371,4),(939,371,1),(940,372,39),(941,372,2),(942,372,4),(943,372,278),(944,373,39),(945,373,4),(946,373,271),(947,373,7),(948,374,39),(949,374,271),(950,374,7),(951,374,237),(952,375,39),(953,375,245),(954,375,7),(955,375,237),(956,376,39),(957,376,4),(958,376,237),(959,377,39),(960,377,4),(961,377,278),(962,378,39),(963,378,245),(964,378,282),(965,379,39),(966,379,245),(967,379,237),(968,380,39),(969,380,4),(970,380,217),(971,381,39),(972,381,4),(973,381,256),(974,382,39),(975,382,282),(976,382,278),(977,383,39),(978,383,2),(979,383,4),(980,383,7),(981,384,39),(982,384,4),(983,384,7),(984,384,249),(985,385,39),(986,385,282),(987,385,2),(988,385,4),(989,386,39),(990,386,2),(991,386,4),(992,386,282),(993,387,39),(994,387,4),(995,387,282),(996,388,39),(997,388,282),(998,388,1),(999,388,236),(1000,389,39),(1001,389,1),(1002,389,282),(1003,390,39),(1004,390,282),(1005,390,245),(1006,391,39),(1007,391,244),(1008,391,282),(1009,392,39),(1010,392,282),(1011,392,239),(1012,393,39),(1013,393,4),(1014,393,239),(1015,394,4),(1016,394,246),(1017,394,47),(1018,394,248),(1019,395,39),(1020,395,4),(1021,395,246),(1022,396,47),(1023,396,248),(1024,396,246),(1025,397,39),(1026,397,245),(1027,397,239),(1028,398,39),(1029,398,4),(1030,398,2),(1031,399,39),(1032,399,4),(1033,399,272),(1034,400,39),(1035,400,244),(1036,400,278),(1037,401,39),(1038,401,282),(1039,401,4),(1040,402,39),(1041,402,271),(1042,402,239),(1043,403,244),(1044,403,271),(1045,403,39),(1046,404,39),(1047,404,4),(1048,404,7),(1049,405,39),(1050,405,4),(1051,405,271),(1052,405,278),(1053,406,39),(1054,406,245),(1055,406,4),(1056,407,39),(1057,407,4),(1058,407,249),(1059,408,39),(1060,408,4),(1061,408,249),(1062,409,39),(1063,409,245),(1064,409,246),(1065,410,39),(1066,410,4),(1067,410,2),(1068,411,39),(1069,411,245),(1070,411,7),(1071,412,39),(1072,412,2),(1073,412,4),(1074,412,278),(1075,413,39),(1076,413,4),(1077,413,249),(1078,414,39),(1079,414,244),(1080,414,1),(1081,415,39),(1082,415,4),(1083,415,1),(1084,416,39),(1085,416,4),(1086,416,249),(1087,417,39),(1088,417,244),(1089,417,239),(1090,418,39),(1091,418,4),(1092,418,7),(1093,419,39),(1094,419,244),(1095,419,7),(1096,420,39),(1097,420,244),(1098,420,271),(1099,421,39),(1100,421,1),(1101,421,244),(1102,422,39),(1103,422,4),(1104,422,239),(1105,423,39),(1106,423,4),(1107,423,249),(1108,424,39),(1109,424,249),(1110,424,239),(1111,425,39),(1112,425,4),(1113,425,7),(1114,454,56),(1115,454,245),(1116,454,7),(1117,454,4),(1118,455,56),(1119,455,245),(1120,455,7),(1121,455,4),(1122,456,56),(1123,456,245),(1124,456,7),(1125,456,4),(1126,457,56),(1127,457,245),(1128,457,7),(1129,457,4),(1130,458,56),(1131,458,245),(1132,458,7),(1133,458,4),(1134,459,56),(1135,459,245),(1136,459,7),(1137,459,4),(1138,460,56),(1139,460,245),(1140,460,7),(1141,460,4),(1142,461,56),(1143,461,245),(1144,461,7),(1145,461,4),(1146,462,56),(1147,462,245),(1148,462,7),(1149,462,4),(1150,463,56),(1151,463,245),(1152,463,7),(1153,463,4),(1154,464,56),(1155,464,245),(1156,464,7),(1157,464,4),(1158,465,56),(1159,465,245),(1160,465,7),(1161,465,4),(1162,446,56),(1163,446,228),(1164,446,7),(1165,447,56),(1166,447,228),(1167,447,7),(1168,448,56),(1169,448,228),(1170,448,7),(1171,449,56),(1172,449,228),(1173,449,7),(1174,450,56),(1175,450,228),(1176,450,7),(1177,451,56),(1178,451,228),(1179,451,7),(1180,452,56),(1181,452,228),(1182,452,7),(1183,453,56),(1184,453,228),(1185,453,7),(1186,426,59),(1187,426,283),(1188,426,281),(1189,426,236),(1190,427,59),(1191,427,283),(1192,427,281),(1193,427,236),(1194,428,59),(1195,428,283),(1196,428,281),(1197,428,236),(1198,429,59),(1199,429,283),(1200,429,281),(1201,429,236),(1202,430,59),(1203,430,283),(1204,430,281),(1205,430,236),(1206,431,59),(1207,431,283),(1208,431,281),(1209,431,236),(1210,432,59),(1211,432,283),(1212,432,281),(1213,432,236),(1214,433,59),(1215,433,283),(1216,433,281),(1217,433,236),(1218,434,59),(1219,434,283),(1220,434,281),(1221,434,236),(1222,435,59),(1223,435,283),(1224,435,281),(1225,435,236),(1226,436,59),(1227,436,283),(1228,436,281),(1229,436,236),(1230,437,59),(1231,437,283),(1232,437,281),(1233,437,236),(1234,438,59),(1235,438,283),(1236,438,281),(1237,438,236),(1238,439,59),(1239,439,283),(1240,439,281),(1241,439,236),(1242,440,59),(1243,440,283),(1244,440,281),(1245,440,236),(1246,441,59),(1247,441,283),(1248,441,281),(1249,441,236),(1250,442,59),(1251,442,283),(1252,442,281),(1253,442,236),(1254,443,59),(1255,443,283),(1256,443,281),(1257,443,236),(1258,444,59),(1259,444,283),(1260,444,281),(1261,444,236),(1262,445,59),(1263,445,283),(1264,445,281),(1265,445,236),(1272,501,287),(1273,501,288),(1274,502,289),(1275,502,290);

#
# Structure for table "like"
#

CREATE TABLE `like` (
  `like_id` int(11) NOT NULL auto_increment,
  `message_id` int(11) default NULL,
  `user_id` int(11) default NULL,
  PRIMARY KEY  (`like_id`),
  KEY `FK32AF97A677582F` (`user_id`),
  KEY `FK32AF97446D05E5` (`message_id`),
  CONSTRAINT `FK32AF97446D05E5` FOREIGN KEY (`message_id`) REFERENCES `message` (`message_id`),
  CONSTRAINT `FK32AF97A677582F` FOREIGN KEY (`user_id`) REFERENCES `user` (`user_id`)
) ENGINE=InnoDB DEFAULT CHARSET=utf8 COLLATE=utf8_bin;

#
# Data for table "like"
#

REPLACE INTO `like` VALUES (2,2,1),(4,1,1);

#
# Structure for table "user_following"
#

CREATE TABLE `user_following` (
  `id` int(11) NOT NULL auto_increment,
  `following_id` int(11) default NULL,
  `user_id` int(11) default NULL,
  PRIMARY KEY  (`id`),
  KEY `FK8B0ED71DA677582F` (`user_id`),
  KEY `FK8B0ED71D461B93A9` (`following_id`),
  CONSTRAINT `FK8B0ED71D461B93A9` FOREIGN KEY (`following_id`) REFERENCES `user` (`user_id`),
  CONSTRAINT `FK8B0ED71DA677582F` FOREIGN KEY (`user_id`) REFERENCES `user` (`user_id`)
) ENGINE=InnoDB DEFAULT CHARSET=utf8 COLLATE=utf8_bin;

#
# Data for table "user_following"
#

REPLACE INTO `user_following` VALUES (1,2,1),(3,32,2),(4,33,2),(5,34,2),(6,35,2),(7,36,2),(8,37,2),(9,38,2),(10,39,2),(11,40,2),(12,1,61),(13,2,61),(14,3,61),(15,1,60),(16,2,60),(17,3,60),(18,4,60),(19,1,1),(20,2,2),(21,2,2),(22,3,3),(23,4,4),(24,5,5),(25,8,8),(26,9,9),(27,22,22),(28,23,23),(29,24,24),(30,30,30),(31,31,31),(32,32,32),(33,33,33),(34,34,34),(35,35,35),(36,36,36),(37,37,37),(38,38,38),(39,39,39),(40,40,40),(41,41,41),(42,42,42),(43,43,43),(44,44,44),(45,45,45),(46,46,46),(47,47,47),(48,48,48),(49,49,49),(50,50,50),(51,51,51),(52,52,52),(53,53,53),(54,54,54),(55,62,62),(56,63,63),(57,66,66),(58,69,69);
